id	fetched_at_utc	http	bytes	sha256	url	label
F0001	2026-09-26T20:02:02Z	200	81789	ae9d13954c287c93e1e2e1b3b4a6626f10be1affe397f35acd7ca51691533143	https://raw.githubusercontent.com/sinanlabs/robo/HEAD/data/seed_v0.json	sinanlabs VLA index seed json
F0002	2026-09-26T20:04:20Z	200	3366	50dedb98e0c758b4a802101821b8101c993e17064f3509393852f9176504ffa6	https://repos.ecosyste.ms/api/v1/hosts/GitHub/repositories/huggingface%2Flerobot	ecosystems huggingface/lerobot
F0003	2026-09-26T20:04:20Z	200	3402	8a68a4cb4cda7f27b0c568af267e1bb773bae2c6abe8c1f0179c7fb322db9d87	https://repos.ecosyste.ms/api/v1/hosts/GitHub/repositories/google-deepmind%2Fmujoco	ecosystems google-deepmind/mujoco
F0004	2026-09-26T20:04:20Z	200	3295	14f104c7ed095ce5d91c8726b629d90e9ae74efd5bf14fcd9c9302b93a046696	https://repos.ecosyste.ms/api/v1/hosts/GitHub/repositories/google-deepmind%2Fmujoco_playground	ecosystems google-deepmind/mujoco_playground
F0005	2026-09-26T20:04:20Z	200	3274	11beb77de19f1844c07b6b841cc88229acd50288a5a055cc09a92ee8c640d191	https://repos.ecosyste.ms/api/v1/hosts/GitHub/repositories/google-deepmind%2Fmujoco_warp	ecosystems google-deepmind/mujoco_warp
F0006	2026-09-26T20:04:21Z	200	3453	ad556b11a3e6e8b99acb69b29f6003913f0ca4f76e8d1ebdc92a88b2aeab5449	https://repos.ecosyste.ms/api/v1/hosts/GitHub/repositories/isaac-sim%2FIsaacLab	ecosystems isaac-sim/IsaacLab
F0007	2026-09-26T20:04:21Z	200	3179	517151a8f940ffae2a03cb1b82145c06683cee022be9459f0e5738b82fda338c	https://repos.ecosyste.ms/api/v1/hosts/GitHub/repositories/isaac-sim%2FIsaacSim	ecosystems isaac-sim/IsaacSim
F0008	2026-09-26T20:04:21Z	404	32	648584acecbc9e40f39145d268a9fb68964f2fac8774773bea29a23e3c741261	https://repos.ecosyste.ms/api/v1/hosts/GitHub/repositories/Genesis-Embodied-AI%2FGenesis	ecosystems Genesis-Embodied-AI/Genesis
F0009	2026-09-26T20:04:22Z	404	32	648584acecbc9e40f39145d268a9fb68964f2fac8774773bea29a23e3c741261	https://repos.ecosyste.ms/api/v1/hosts/GitHub/repositories/haosulab%2FManiSkill	ecosystems haosulab/ManiSkill
F0010	2026-09-26T20:04:22Z	200	13290	2409b203891d239b49118fc72da285b0dadf8507fb306de8a6f5d5b54afe19af	https://repos.ecosyste.ms/api/v1/hosts/GitHub/repositories/facebookresearch%2Fhabitat-sim	ecosystems facebookresearch/habitat-sim
F0011	2026-09-26T20:04:22Z	200	16319	27f50513a2ee7748e8673800700183385010e11eb958c8c216168418f54b945d	https://repos.ecosyste.ms/api/v1/hosts/GitHub/repositories/facebookresearch%2Fhabitat-lab	ecosystems facebookresearch/habitat-lab
F0012	2026-09-26T20:04:23Z	200	14295	affa4245cfccc70b1a326b974481cbaa153d1092804f31a614585d0ad88c74fb	https://repos.ecosyste.ms/api/v1/hosts/GitHub/repositories/ARISE-Initiative%2Frobosuite	ecosystems ARISE-Initiative/robosuite
F0013	2026-09-26T20:04:23Z	200	3118	d16e7c81a208cad809a5092363f98d12068579a5f95d236c1d2b02c48ae00011	https://repos.ecosyste.ms/api/v1/hosts/GitHub/repositories/robocasa%2Frobocasa	ecosystems robocasa/robocasa
F0014	2026-09-26T20:04:23Z	200	9571	84e7b1a931033af612f47d4ff22dd0a31b9e294e04f47d8853be04db6822d7e9	https://repos.ecosyste.ms/api/v1/hosts/GitHub/repositories/ARISE-Initiative%2Frobomimic	ecosystems ARISE-Initiative/robomimic
F0015	2026-09-26T20:04:24Z	200	37033	b86b4a32496adf9e059b127c9d06f93073edf9d4e72a6c125aecd82b95975309	https://repos.ecosyste.ms/api/v1/hosts/GitHub/repositories/bulletphysics%2Fbullet3	ecosystems bulletphysics/bullet3
F0016	2026-09-26T20:04:24Z	200	13900	e788921417b44be873fcc1785e9e30a1de8caf2bdc04c6ac59dad7c8dd19d340	https://repos.ecosyste.ms/api/v1/hosts/GitHub/repositories/gazebosim%2Fgz-sim	ecosystems gazebosim/gz-sim
F0017	2026-09-26T20:04:24Z	200	3413	ee3c202307b642c43b03821d12baf4ecbc184425ba73a407349c809337e67e45	https://repos.ecosyste.ms/api/v1/hosts/GitHub/repositories/newton-physics%2Fnewton	ecosystems newton-physics/newton
F0018	2026-09-26T20:04:25Z	200	11380	d18ce9aa7a5c3d5f08efcc5e618a726139b854e2ec0be6f47c55c969f9e9479c	https://repos.ecosyste.ms/api/v1/hosts/GitHub/repositories/RobotLocomotion%2Fdrake	ecosystems RobotLocomotion/drake
F0019	2026-09-26T20:04:25Z	200	33751	58270b32e75b166a038ce9853b10f54f26574618375d6ddf386f58a2712264a1	https://repos.ecosyste.ms/api/v1/hosts/GitHub/repositories/cyberbotics%2Fwebots	ecosystems cyberbotics/webots
F0020	2026-09-26T20:04:25Z	200	10689	7574b4530fcf86dcfadab443738a93193847c1e4b7a5030005e35feb4ccca7db	https://repos.ecosyste.ms/api/v1/hosts/GitHub/repositories/google%2Fbrax	ecosystems google/brax
F0021	2026-09-26T20:04:25Z	200	3210	60903fd6cbdc2807591e7f7cdb746eb1e82825db02ee26bba86c13407e504e88	https://repos.ecosyste.ms/api/v1/hosts/GitHub/repositories/mujocolab%2Fmjlab	ecosystems mujocolab/mjlab
F0022	2026-09-26T20:04:26Z	200	14357	9a864d6a530e1475b60ba57095bf990aff0f358f5dacbe95d37a9233b80bec50	https://repos.ecosyste.ms/api/v1/hosts/GitHub/repositories/carla-simulator%2Fcarla	ecosystems carla-simulator/carla
F0023	2026-09-26T20:04:26Z	200	16984	8169d5c1661270f2bdda2fd65e0d903c307a451b6270fc6cd0ad415faf1472da	https://repos.ecosyste.ms/api/v1/hosts/GitHub/repositories/Farama-Foundation%2FGymnasium	ecosystems Farama-Foundation/Gymnasium
F0024	2026-09-26T20:04:26Z	200	3332	7b4076ba1324146d13e735f49402a30abcd060546f60fc174d53068a19e7f4f0	https://repos.ecosyste.ms/api/v1/hosts/GitHub/repositories/real-stanford%2Fdiffusion_policy	ecosystems real-stanford/diffusion_policy
F0025	2026-09-26T20:04:26Z	200	3085	abccf5053354185fa77c2e0a61a560b02814d4be892f1b4a2bcf2053664b82e5	https://repos.ecosyste.ms/api/v1/hosts/GitHub/repositories/NVIDIA%2FIsaac-GR00T	ecosystems NVIDIA/Isaac-GR00T
F0026	2026-09-26T20:04:27Z	200	3118	28e14eb2d961693e6f11298968b8bac0b129085e8789e10b3800d3a1f11163ba	https://repos.ecosyste.ms/api/v1/hosts/GitHub/repositories/Physical-Intelligence%2Fopenpi	ecosystems Physical-Intelligence/openpi
F0027	2026-09-26T20:04:27Z	200	2559	6d3bc40947d9ac7af85b45e6afda0e888db55fc58e0695c597e5d9c4e201c0fc	https://repos.ecosyste.ms/api/v1/hosts/GitHub/repositories/openvla%2Fopenvla	ecosystems openvla/openvla
F0028	2026-09-26T20:04:27Z	200	2983	2983afd3bd0c63da15cc2dda1c607ead1aa3865860aeccc954641e2a97666839	https://repos.ecosyste.ms/api/v1/hosts/GitHub/repositories/octo-models%2Focto	ecosystems octo-models/octo
F0029	2026-09-26T20:04:28Z	200	3239	1823cddbbf26a8401eb757696c43953277eb7143b9ad26de7539007305e078b2	https://repos.ecosyste.ms/api/v1/hosts/GitHub/repositories/thu-ml%2FRoboticsDiffusionTransformer	ecosystems thu-ml/RoboticsDiffusionTransformer
F0030	2026-09-26T20:04:28Z	200	2975	f0305f40858b8d351dc900b313e89cdd121fc01952e56e1a82c4293ddb433aa0	https://repos.ecosyste.ms/api/v1/hosts/GitHub/repositories/thu-ml%2FRDT2	ecosystems thu-ml/RDT2
F0031	2026-09-26T20:04:28Z	200	3200	23da7a9f31737a3975310c4e0f75795482c7bc42cb39c1271d1467652549eaef	https://repos.ecosyste.ms/api/v1/hosts/GitHub/repositories/2toinf%2FX-VLA	ecosystems 2toinf/X-VLA
F0032	2026-09-26T20:04:29Z	200	3079	28d7354c22c976f46238f3316a60fd19e661045682c0cada19294a2075c85c28	https://repos.ecosyste.ms/api/v1/hosts/GitHub/repositories/open-gigaai%2Fgiga-brain-0	ecosystems open-gigaai/giga-brain-0
F0033	2026-09-26T20:04:29Z	200	3137	e313697997edc2303eb80566abd1bcd36ee4d9e04e72872eac8348e334059274	https://repos.ecosyste.ms/api/v1/hosts/GitHub/repositories/OpenGalaxea%2FGalaxeaVLA	ecosystems OpenGalaxea/GalaxeaVLA
F0034	2026-09-26T20:04:29Z	200	2994	702882e7a436974f6a86c7d1922223a4ae3bf68fc4f370e98946581902034fcc	https://repos.ecosyste.ms/api/v1/hosts/GitHub/repositories/robbyant%2Flingbot-vla	ecosystems robbyant/lingbot-vla
F0035	2026-09-26T20:04:29Z	200	3382	b536033495a0c7b9cfcf162b0cdc78f6ca84075c26a20ebdeb601f0c201bc7ec	https://repos.ecosyste.ms/api/v1/hosts/GitHub/repositories/InternRobotics%2FInternVLA-M1	ecosystems InternRobotics/InternVLA-M1
F0036	2026-09-26T20:04:30Z	404	32	648584acecbc9e40f39145d268a9fb68964f2fac8774773bea29a23e3c741261	https://repos.ecosyste.ms/api/v1/hosts/GitHub/repositories/InternRobotics%2FInternVLA-A1	ecosystems InternRobotics/InternVLA-A1
F0037	2026-09-26T20:04:30Z	200	3209	a5feee2b259c32831f7325e49bbe35f285b45e391654ef157ec96a47d839af5d	https://repos.ecosyste.ms/api/v1/hosts/GitHub/repositories/X-Square-Robot%2Fwall-x	ecosystems X-Square-Robot/wall-x
F0038	2026-09-26T20:04:30Z	200	3060	28b3767a4631c1f09fa7c8c2842ff2745956576122a8c70a4ea1161ca191b04f	https://repos.ecosyste.ms/api/v1/hosts/GitHub/repositories/allenai%2FMolmoAct	ecosystems allenai/MolmoAct
F0039	2026-09-26T20:04:31Z	200	3280	dc919fbc38f2a3f5a101d07f7f11a2a03e7a4fb56ed9d387b8dba7bb52253e10	https://repos.ecosyste.ms/api/v1/hosts/GitHub/repositories/microsoft%2FCogACT	ecosystems microsoft/CogACT
F0040	2026-09-26T20:04:31Z	200	3138	90c56ca68c6db685e7413d1b81dfddf806872f88dcfefa852d6145dc4d96b859	https://repos.ecosyste.ms/api/v1/hosts/GitHub/repositories/SpatialVLA%2FSpatialVLA	ecosystems SpatialVLA/SpatialVLA
F0041	2026-09-26T20:04:31Z	200	3407	b65e588420480ac0bc8aa9bd55705209138650275da9621086b3ba6dec65bd5c	https://repos.ecosyste.ms/api/v1/hosts/GitHub/repositories/OpenDriveLab%2FUniVLA	ecosystems OpenDriveLab/UniVLA
F0042	2026-09-26T20:04:32Z	200	3580	7f9ebb01cbf67e1cc8d69cafeeb26b1d46674e56d7070c9db17e95004ed06c02	https://repos.ecosyste.ms/api/v1/hosts/GitHub/repositories/OpenDriveLab%2FAgiBot-World	ecosystems OpenDriveLab/AgiBot-World
F0043	2026-09-26T20:04:32Z	200	3308	ad5672fb801aec6e7c1d5efedc4657eefb07ee892ed215dd9900ad01714159e0	https://repos.ecosyste.ms/api/v1/hosts/GitHub/repositories/alibaba-damo-academy%2FRynnVLA-001	ecosystems alibaba-damo-academy/RynnVLA-001
F0044	2026-09-26T20:04:32Z	200	3148	8d70fb87293e0640efa940e4055dce504b48938b4db2afaeb7d21a7b60ab51bb	https://repos.ecosyste.ms/api/v1/hosts/GitHub/repositories/XiaomiRobotics%2FXiaomi-Robotics-0	ecosystems XiaomiRobotics/Xiaomi-Robotics-0
F0045	2026-09-26T20:04:33Z	200	3066	40efc94c6f2d84db0875529c7de5860afebe3e3a88a0beca8c0c7c8bccc0acc8	https://repos.ecosyste.ms/api/v1/hosts/GitHub/repositories/BeingBeyond%2FBeing-H0	ecosystems BeingBeyond/Being-H0
F0046	2026-09-26T20:04:33Z	200	3105	6ef9ab3e46ccf0cbe2df30dbba269c0b8c7867c1a8e155b1cfe46cea094a6051	https://repos.ecosyste.ms/api/v1/hosts/GitHub/repositories/Spirit-AI-Team%2Fspirit-v1.5	ecosystems Spirit-AI-Team/spirit-v1.5
F0047	2026-09-26T20:04:33Z	200	2992	86c0554cac7cfb6e39903904178a37960204d932f14966ff2c73f27b2e1ed070	https://repos.ecosyste.ms/api/v1/hosts/GitHub/repositories/RoboFlamingo%2FRoboFlamingo	ecosystems RoboFlamingo/RoboFlamingo
F0048	2026-09-26T20:04:34Z	200	2953	298878cbbbbf81b767462b037659f0c73382d12902c333837e5ac047ab342e26	https://repos.ecosyste.ms/api/v1/hosts/GitHub/repositories/ginwind%2FVLA-JEPA	ecosystems ginwind/VLA-JEPA
F0049	2026-09-26T20:04:34Z	200	3217	85f380f9de3f5e16ac3740497692de10781c0c28066cf29f1cf9f6560020390d	https://repos.ecosyste.ms/api/v1/hosts/GitHub/repositories/google-deepmind%2Fopen_x_embodiment	ecosystems google-deepmind/open_x_embodiment
F0050	2026-09-26T20:04:34Z	200	3073	d84ce27b4d5cc09b54e6490aeec9c744d8d6d44d7385c8d4ed062bacc7bb6724	https://repos.ecosyste.ms/api/v1/hosts/GitHub/repositories/droid-dataset%2Fdroid	ecosystems droid-dataset/droid
F0051	2026-09-26T20:04:35Z	200	3138	6bf64713e4dc637388e4a1d028ef0623a4603faf92e13113d21a10d5c70874a0	https://repos.ecosyste.ms/api/v1/hosts/GitHub/repositories/TheRobotStudio%2FSO-ARM100	ecosystems TheRobotStudio/SO-ARM100
F0052	2026-09-26T20:04:35Z	200	2979	989042cbada9234927340ccddd73b535b98d7ed85814e36b78daa30576fd4244	https://repos.ecosyste.ms/api/v1/hosts/GitHub/repositories/jess-moss%2Fkoch-v1-1	ecosystems jess-moss/koch-v1-1
F0053	2026-09-26T20:04:35Z	200	3241	669c734d8b55069b0b1acdd28048eb347bbcf605e668c59518a87abbe88fe424	https://repos.ecosyste.ms/api/v1/hosts/GitHub/repositories/pollen-robotics%2Freachy_mini	ecosystems pollen-robotics/reachy_mini
F0054	2026-09-26T20:04:35Z	200	2775	1544d7c9f2e0008d7b0571e9dcf66136141b2eb21ef40dda644934746301f586	https://repos.ecosyste.ms/api/v1/hosts/GitHub/repositories/tonyzhaozh%2Faloha	ecosystems tonyzhaozh/aloha
F0055	2026-09-26T20:04:36Z	200	3303	eb7bee598549d0708a64ce2d0ae0c8127004fdcd977463019d0900bec4d1720c	https://repos.ecosyste.ms/api/v1/hosts/GitHub/repositories/HybridRobotics%2FBerkeley-Humanoid-Lite	ecosystems HybridRobotics/Berkeley-Humanoid-Lite
F0056	2026-09-26T20:04:36Z	200	3002	b25d16782641029deda68115f3a32cef81a4141719c36cc7f2ee60938346e3f4	https://repos.ecosyste.ms/api/v1/hosts/GitHub/repositories/SIGRobotics-UIUC%2FLeKiwi	ecosystems SIGRobotics-UIUC/LeKiwi
F0057	2026-09-26T20:04:36Z	200	3423	08e0c5f88d372db26aba5158f691bb87d0506f5936c45efede8d5b7f095015bb	https://repos.ecosyste.ms/api/v1/hosts/GitHub/repositories/enactic%2Fopenarm	ecosystems enactic/openarm
F0058	2026-09-26T20:04:43Z	200	3153	2ad2bd2d6f901d7d464c31a4bde51cde9356df72259c3e5817e95fccfe88c6d1	https://repos.ecosyste.ms/api/v1/hosts/GitHub/repositories/unitreerobotics%2Funitree_sdk2	ecosystems unitreerobotics/unitree_sdk2
F0059	2026-09-26T20:04:37Z	200	11172	a32990a41f0050b2b7503f6a8a0ca44a9554fc75c9912df4c916b7fdf5b7250c	https://repos.ecosyste.ms/api/v1/hosts/GitHub/repositories/ros2%2Fros2	ecosystems ros2/ros2
F0060	2026-09-26T20:04:37Z	200	3180	be0b5d82768a83179a3b50026ea279717474c304bb84178f62ca3b71702da45d	https://repos.ecosyste.ms/api/v1/hosts/GitHub/repositories/Lifelong-Robot-Learning%2FLIBERO	ecosystems Lifelong-Robot-Learning/LIBERO
F0061	2026-09-26T20:04:37Z	200	3202	4d092812649d0c68020a99f9d8d2ba0e1ac283a6cd6effeaccb12969ef260140	https://repos.ecosyste.ms/api/v1/hosts/GitHub/repositories/NVIDIA%2FCosmos	ecosystems NVIDIA/Cosmos
F0062	2026-09-26T20:04:38Z	200	3397	49d81b5b290087aee5653dd2611e4730c1c536acbacb05b5faf95b94e17e08bb	https://repos.ecosyste.ms/api/v1/hosts/GitHub/repositories/nvidia-cosmos%2Fcosmos-predict2.5	ecosystems nvidia-cosmos/cosmos-predict2.5
F0063	2026-09-26T20:04:38Z	200	3140	49ca7db9a4048bee265bd0d4f0f6228ed4d183c864adf341ceb6dd666862bcbe	https://repos.ecosyste.ms/api/v1/hosts/GitHub/repositories/facebookresearch%2Fvjepa2	ecosystems facebookresearch/vjepa2
F0064	2026-09-26T20:04:38Z	200	3378	8e81353e66a6953a43bbf22a0b14ab893cd55a4ade70cb718f38272d53de4d81	https://repos.ecosyste.ms/api/v1/hosts/GitHub/repositories/Tencent-Hunyuan%2FHunyuanWorld-1.0	ecosystems Tencent-Hunyuan/HunyuanWorld-1.0
F0065	2026-09-26T20:04:38Z	200	3315	8bc363ca8a5b7a7b5d682c943da7939187b372301398baf1ee29c47b11743e71	https://repos.ecosyste.ms/api/v1/hosts/GitHub/repositories/Tencent-Hunyuan%2FHY-World-2.0	ecosystems Tencent-Hunyuan/HY-World-2.0
F0066	2026-09-26T20:04:39Z	200	3432	65ad227ae2db2d7c27bcd8fe3d0e4a5c9ef6a91cddc589564e9b1bb5c98b2766	https://repos.ecosyste.ms/api/v1/hosts/GitHub/repositories/Tencent-Hunyuan%2FHunyuanWorld-Voyager	ecosystems Tencent-Hunyuan/HunyuanWorld-Voyager
F0067	2026-09-26T20:04:39Z	200	3194	801db5fae9f40bcb71e8507c64d5409c16520b578743b402607a68db523ca844	https://repos.ecosyste.ms/api/v1/hosts/GitHub/repositories/Tencent-Hunyuan%2FHunyuan-GameCraft-1.0	ecosystems Tencent-Hunyuan/Hunyuan-GameCraft-1.0
F0068	2026-09-26T20:04:39Z	200	3216	a564f0a55332b3b8de614d47c23792ab04a2aa621a932b270ec650f815b9df97	https://repos.ecosyste.ms/api/v1/hosts/GitHub/repositories/SkyworkAI%2FMatrix-Game	ecosystems SkyworkAI/Matrix-Game
F0069	2026-09-26T20:04:40Z	200	3119	fc9be6df2a7af7173eaef52a94147d4db29fb6ca17e585cef696934d11b4a831	https://repos.ecosyste.ms/api/v1/hosts/GitHub/repositories/robbyant%2Flingbot-world	ecosystems robbyant/lingbot-world
F0070	2026-09-26T20:04:40Z	200	3177	f5e3569499ea632fd565031352240b15cf3a1e1b47cb3d0cdbc0be6b65a3040d	https://repos.ecosyste.ms/api/v1/hosts/GitHub/repositories/robbyant%2Flingbot-world-v2	ecosystems robbyant/lingbot-world-v2
F0071	2026-09-26T20:04:40Z	200	2897	bd1a6da541329a81d70283e5b2e760e73895af60c24c8e9448e98cd20dc41e7f	https://repos.ecosyste.ms/api/v1/hosts/GitHub/repositories/etched-ai%2Fopen-oasis	ecosystems etched-ai/open-oasis
F0072	2026-09-26T20:04:41Z	200	3185	5364145d822600340cff2a68e3e6ae6623fa111ed92c2d0e1a44836aeba2e7fb	https://repos.ecosyste.ms/api/v1/hosts/GitHub/repositories/eloialonso%2Fdiamond	ecosystems eloialonso/diamond
F0073	2026-09-26T20:04:41Z	200	3012	39f3968256144eba5979ba751fb0349c97dfc9afbef7efabeb9e2995a4e7b78a	https://repos.ecosyste.ms/api/v1/hosts/GitHub/repositories/stdstu12%2FYUME	ecosystems stdstu12/YUME
F0074	2026-09-26T20:04:41Z	200	3397	1e708fb15f629699270a905599547bf23149d96855963334ec1796c003b08762	https://repos.ecosyste.ms/api/v1/hosts/GitHub/repositories/InternRobotics%2FAether	ecosystems InternRobotics/Aether
F0075	2026-09-26T20:04:42Z	404	32	648584acecbc9e40f39145d268a9fb68964f2fac8774773bea29a23e3c741261	https://repos.ecosyste.ms/api/v1/hosts/GitHub/repositories/alibaba-damo-academy%2FWorldVLA	ecosystems alibaba-damo-academy/WorldVLA
F0076	2026-09-26T20:04:42Z	404	32	648584acecbc9e40f39145d268a9fb68964f2fac8774773bea29a23e3c741261	https://repos.ecosyste.ms/api/v1/hosts/GitHub/repositories/AgibotTech%2FGenie-Envisioner	ecosystems AgibotTech/Genie-Envisioner
F0077	2026-09-26T20:04:42Z	200	3240	3d97240cd77907751e9e426bb00f6e57b09023ae6b2271b5ed02533a317d71ee	https://repos.ecosyste.ms/api/v1/hosts/GitHub/repositories/unitreerobotics%2Funifolm-world-model-action	ecosystems unitreerobotics/unifolm-world-model-action
F0078	2026-09-26T20:04:42Z	200	3055	1b0aeeb4a4c8cca8a4ea3a231fc18d9d8c154f4d45cd5118eca8bab51f184ac5	https://repos.ecosyste.ms/api/v1/hosts/GitHub/repositories/open-gigaai%2Fgiga-world-0	ecosystems open-gigaai/giga-world-0
F0079	2026-09-26T20:04:43Z	200	3072	e500479347f6bb841108befb81fdda354e9aa1f48249514997033be0967655a3	https://repos.ecosyste.ms/api/v1/hosts/GitHub/repositories/Robert-gyj%2FCtrl-World	ecosystems Robert-gyj/Ctrl-World
F0080	2026-09-26T20:04:43Z	200	3314	e47fe6c108271764313d06c3957434ce300a2da1df301c6a88afd17099ecd05e	https://repos.ecosyste.ms/api/v1/hosts/GitHub/repositories/boundless-large-model%2Fboundless-world-model	ecosystems boundless-large-model/boundless-world-model
F0081	2026-09-26T20:04:43Z	200	3239	a1007914f6223111f69b6b7c7bc48d0cf743be5d09493d852d67feb91b49e118	https://repos.ecosyste.ms/api/v1/hosts/GitHub/repositories/danijar%2Fdreamerv3	ecosystems danijar/dreamerv3
F0082	2026-09-26T20:04:44Z	200	2634	dc56d9ae60faa62e70d9b4112ea6264ef4532a8ee5781f9332922de7263665b2	https://repos.ecosyste.ms/api/v1/hosts/GitHub/repositories/next-state%2Fopen-dreamer	ecosystems next-state/open-dreamer
F0083	2026-09-26T20:04:44Z	200	3068	2eacf039555652c59270cae49858458214ea2daaf68d795e288b6ebe00d65b6d	https://repos.ecosyste.ms/api/v1/hosts/GitHub/repositories/AMAP-ML%2FDreamX-World	ecosystems AMAP-ML/DreamX-World
F0084	2026-09-26T20:04:44Z	200	3199	9eb828782937fb1c382f377f4694165375bbb73e0d4d3c91240a09eab4b2a03c	https://repos.ecosyste.ms/api/v1/hosts/GitHub/repositories/nicklashansen%2Ftdmpc2	ecosystems nicklashansen/tdmpc2
F0085	2026-09-26T20:04:58Z	200	349	647368932bbb6bc9f41288fb0a418da3676da34519e7dd3687e426167b20f315	https://ungh.cc/repos/Genesis-Embodied-AI/Genesis	ungh Genesis-Embodied-AI/Genesis
F0086	2026-09-26T20:05:10Z	000000	0		https://ungh.cc/repos/haosulab/ManiSkill	ungh haosulab/ManiSkill
F0087	2026-09-26T20:05:11Z	200	367	0f314018e925f0a449a3973bcb5eefda85d8c68610856ac76e8f52535403f525	https://ungh.cc/repos/InternRobotics/InternVLA-A1	ungh InternRobotics/InternVLA-A1
F0088	2026-09-26T20:05:12Z	200	332	1232bcc4a891f3004824d0db50800a7f357bbf1f84163298ce6eb177ab6914bd	https://ungh.cc/repos/alibaba-damo-academy/WorldVLA	ungh alibaba-damo-academy/WorldVLA
F0089	2026-09-26T20:05:13Z	200	280	b62f2a434f9a87299b987ce7a3341828c4981aaede919ff57c6c5b62497b56c7	https://ungh.cc/repos/AgibotTech/Genie-Envisioner	ungh AgibotTech/Genie-Envisioner
F0090	2026-09-26T20:05:17Z	200	351	67f15d8ea21e956f3e0d6677aacf3f463d4f8d47ef0e5802f74dd4e691aa6d2d	https://ungh.cc/repos/haosulab/ManiSkill	ungh haosulab/ManiSkill retry
F0091	2026-09-26T20:05:25Z	200	3408	4fd33bf3cfdba2ac77aa5ab2627c65cba846c5d8e34682fba9d358655329d884	https://repos.ecosyste.ms/api/v1/hosts/GitHub/repositories/Genesis-Embodied-AI%2Fgenesis-world	ecosystems Genesis-Embodied-AI/genesis-world
F0092	2026-09-26T20:05:25Z	200	3446	a5b88a0996fe866330800914a9dbddba3b6daa1926a3b890cf8aca65bcdbb6c1	https://repos.ecosyste.ms/api/v1/hosts/GitHub/repositories/mani-skill%2FManiSkill	ecosystems mani-skill/ManiSkill
F0093	2026-09-26T20:05:26Z	200	3316	14597a90135d07072f1cd279d67c21fc33013823a9f95f416389f6f02c0463ce	https://repos.ecosyste.ms/api/v1/hosts/GitHub/repositories/InternRobotics%2FInternVLA-A-series	ecosystems InternRobotics/InternVLA-A-series
F0094	2026-09-26T20:05:26Z	200	3199	ac531d19abc540876e303f2e0adf1dd50e1e93acbe759870df6dccce4ac50794	https://repos.ecosyste.ms/api/v1/hosts/GitHub/repositories/alibaba-damo-academy%2FRynnVLA-002	ecosystems alibaba-damo-academy/RynnVLA-002
F0095	2026-09-26T20:05:27Z	200	3169	8ff72bed3ab8668db4b54bfc4ba162671710bc1ae45e53c476b19983a5c383c0	https://repos.ecosyste.ms/api/v1/hosts/GitHub/repositories/AgibotTech%2FGenie-Envisioner-V1	ecosystems AgibotTech/Genie-Envisioner-V1
F0096	2026-09-26T20:05:43Z	200	28074	63a9f285c352256a071c79e4043021c768a64ae170e237eb9c2d5613c5dbf659	https://huggingface.co/api/models?author=nvidia&search=GR00T&sort=downloads&limit=40&expand[]=downloads&expand[]=likes&expand[]=cardData&expand[]=lastModified&expand[]=gated	HF list author=nvidia&search=GR00T
F0097	2026-09-26T20:05:44Z	200	181366	afd764d2cb5a7b396737b5c7e899053f8ab8b82e9afc788dbe6e0a39a0515f57	https://huggingface.co/api/models?author=nvidia&search=Cosmos&sort=downloads&limit=40&expand[]=downloads&expand[]=likes&expand[]=cardData&expand[]=lastModified&expand[]=gated	HF list author=nvidia&search=Cosmos
F0098	2026-09-26T20:05:44Z	200	12217	2d796b191c996d937b051e59c502fd857d46fb274fa3bb050c51be595ca02875	https://huggingface.co/api/models?author=lerobot&sort=downloads&limit=40&expand[]=downloads&expand[]=likes&expand[]=cardData&expand[]=lastModified&expand[]=gated	HF list author=lerobot
F0099	2026-09-26T20:05:44Z	200	1036	d8270688d7608808a27a083d3c7b33fff5a433c0da3e6ce85e7c6f81fd2cff97	https://huggingface.co/api/models?author=OpenGalaxea&sort=downloads&limit=40&expand[]=downloads&expand[]=likes&expand[]=cardData&expand[]=lastModified&expand[]=gated	HF list author=OpenGalaxea
F0100	2026-09-26T20:05:45Z	200	8771	7778641008895428d929dc1a6c3a60ee03e342576275a48b2395393a654982ba	https://huggingface.co/api/models?author=robbyant&sort=downloads&limit=40&expand[]=downloads&expand[]=likes&expand[]=cardData&expand[]=lastModified&expand[]=gated	HF list author=robbyant
F0101	2026-09-26T20:05:45Z	200	12689	a13df100ec4e0f143ccd7d3bffbcd292f57ee4407343be74fd24227c4ff65ee0	https://huggingface.co/api/models?author=InternRobotics&sort=downloads&limit=40&expand[]=downloads&expand[]=likes&expand[]=cardData&expand[]=lastModified&expand[]=gated	HF list author=InternRobotics
F0102	2026-09-26T20:05:45Z	200	3814	f81aa01cd64ce8eeae32ab3d207dccea7f4f48ee1ecd59cd4d3f28bdcaabce86	https://huggingface.co/api/models?author=open-gigaai&sort=downloads&limit=40&expand[]=downloads&expand[]=likes&expand[]=cardData&expand[]=lastModified&expand[]=gated	HF list author=open-gigaai
F0103	2026-09-26T20:05:46Z	200	4500	4bf6c2dffcbfd37cc5239d2e1f623427f4a45078ce2b0cb12fc4a0f8a035af57	https://huggingface.co/api/models?author=XiaomiRobotics&sort=downloads&limit=40&expand[]=downloads&expand[]=likes&expand[]=cardData&expand[]=lastModified&expand[]=gated	HF list author=XiaomiRobotics
F0104	2026-09-26T20:05:46Z	200	985	5cec7884e656e934d62db3764c506ad7880b5cea0ddae334986c7ea80480d787	https://huggingface.co/api/models?author=tencent&search=World&sort=downloads&limit=40&expand[]=downloads&expand[]=likes&expand[]=cardData&expand[]=lastModified&expand[]=gated	HF list author=tencent&search=World
F0105	2026-09-26T20:05:46Z	200	252	c29977f66f8b4a1cb4d5515afdd096d8f3fcea0258657bcef6cc5922c41d2c41	https://huggingface.co/api/models?author=tencent&search=GameCraft&sort=downloads&limit=40&expand[]=downloads&expand[]=likes&expand[]=cardData&expand[]=lastModified&expand[]=gated	HF list author=tencent&search=GameCraft
F0106	2026-09-26T20:05:46Z	200	1177	c63845548826d0bfae855953ec7fdb05f2f1f146a68056f0c0ef252089199b18	https://huggingface.co/api/models?author=Skywork&search=Matrix&sort=downloads&limit=40&expand[]=downloads&expand[]=likes&expand[]=cardData&expand[]=lastModified&expand[]=gated	HF list author=Skywork&search=Matrix
F0107	2026-09-26T20:05:46Z	200	2	4f53cda18c2baa0c0354bb5f9a3ecbe5ed12ab4d8e11ba873c2f11161202b945	https://huggingface.co/api/models?author=stdstu12&sort=downloads&limit=40&expand[]=downloads&expand[]=likes&expand[]=cardData&expand[]=lastModified&expand[]=gated	HF list author=stdstu12
F0108	2026-09-26T20:05:47Z	200	2	4f53cda18c2baa0c0354bb5f9a3ecbe5ed12ab4d8e11ba873c2f11161202b945	https://huggingface.co/api/models?author=AMAP-ML&sort=downloads&limit=40&expand[]=downloads&expand[]=likes&expand[]=cardData&expand[]=lastModified&expand[]=gated	HF list author=AMAP-ML
F0109	2026-09-26T20:05:47Z	200	3045	fb5ecde06fd49a7ada9c2214a8a608eab09803a6a91aa2a85a4c27b97a7a25ad	https://huggingface.co/api/models?author=facebook&search=vjepa&sort=downloads&limit=40&expand[]=downloads&expand[]=likes&expand[]=cardData&expand[]=lastModified&expand[]=gated	HF list author=facebook&search=vjepa
F0110	2026-09-26T20:05:47Z	200	1230	a462f69912c9aa94d6f6c6408872b165425cbbb6dc7ed584e775783de5b2fc40	https://huggingface.co/api/models?author=agibot-world&sort=downloads&limit=40&expand[]=downloads&expand[]=likes&expand[]=cardData&expand[]=lastModified&expand[]=gated	HF list author=agibot-world
F0111	2026-09-26T20:05:47Z	200	1385	af9d03226cd6c95af499416d5e8d33fdefe18b4916dd1334b024339328f77ec6	https://huggingface.co/api/models?author=unitreerobotics&sort=downloads&limit=40&expand[]=downloads&expand[]=likes&expand[]=cardData&expand[]=lastModified&expand[]=gated	HF list author=unitreerobotics
F0112	2026-09-26T20:05:47Z	200	250	41d58336ac6e57400ff549d9a8ddf592b0673371acc9beae384a30ca98b14f2a	https://huggingface.co/api/models?author=physical-intelligence&sort=downloads&limit=40&expand[]=downloads&expand[]=likes&expand[]=cardData&expand[]=lastModified&expand[]=gated	HF list author=physical-intelligence
F0113	2026-09-26T20:05:47Z	200	2417	37623112491024260b4d3234d912e2ffbf6724242c1095b290064f5e7f1cf3bd	https://huggingface.co/api/models?author=openvla&sort=downloads&limit=40&expand[]=downloads&expand[]=likes&expand[]=cardData&expand[]=lastModified&expand[]=gated	HF list author=openvla
F0114	2026-09-26T20:05:48Z	200	1243	6fe57c701ba2cf30ab85a34bb931f35daa2266132715e4aa8d37d91501e516b4	https://huggingface.co/api/models?author=rail-berkeley&sort=downloads&limit=40&expand[]=downloads&expand[]=likes&expand[]=cardData&expand[]=lastModified&expand[]=gated	HF list author=rail-berkeley
F0115	2026-09-26T20:05:48Z	200	2072	9d53200372935bb268d054ba84294500c67b95e1f1d9e0e412039e13a2adca62	https://huggingface.co/api/models?author=robotics-diffusion-transformer&sort=downloads&limit=40&expand[]=downloads&expand[]=likes&expand[]=cardData&expand[]=lastModified&expand[]=gated	HF list author=robotics-diffusion-transformer
F0116	2026-09-26T20:05:48Z	200	5367	b5d3128c4b1bab7f01a362c2f8fc1bfa56f87f516f43895cf22f7eb059b4e9c3	https://huggingface.co/api/models?author=2toINF&sort=downloads&limit=40&expand[]=downloads&expand[]=likes&expand[]=cardData&expand[]=lastModified&expand[]=gated	HF list author=2toINF
F0117	2026-09-26T20:05:48Z	200	2849	bdd6e07afdedac1af7a1891beb3e5326f92a0776251430b614d4c271ca3d45d2	https://huggingface.co/api/models?author=x-square-robot&sort=downloads&limit=40&expand[]=downloads&expand[]=likes&expand[]=cardData&expand[]=lastModified&expand[]=gated	HF list author=x-square-robot
F0118	2026-09-26T20:05:48Z	200	6642	017fb32227f61d3ede085133df1bf0e433309859d218e0214227c9955397b6c6	https://huggingface.co/api/models?author=allenai&search=MolmoAct&sort=downloads&limit=40&expand[]=downloads&expand[]=likes&expand[]=cardData&expand[]=lastModified&expand[]=gated	HF list author=allenai&search=MolmoAct
F0119	2026-09-26T20:05:49Z	200	936	6fe37bc2f68a412904c23bddd5af7574ab9fb2520b1fa09c5967294ba25ea248	https://huggingface.co/api/models?author=CogACT&sort=downloads&limit=40&expand[]=downloads&expand[]=likes&expand[]=cardData&expand[]=lastModified&expand[]=gated	HF list author=CogACT
F0120	2026-09-26T20:05:49Z	200	4535	ec0d3c1c9c37cc23b334cb21ce4b8f6995864ca10703f35544432612e2ddabf8	https://huggingface.co/api/models?author=IPEC-COMMUNITY&sort=downloads&limit=40&expand[]=downloads&expand[]=likes&expand[]=cardData&expand[]=lastModified&expand[]=gated	HF list author=IPEC-COMMUNITY
F0121	2026-09-26T20:05:49Z	200	2751	a176d827155a8b6485b4c78576685217ab5f7ad7afcfcc857fcc9223a2386ab6	https://huggingface.co/api/models?author=qwbu&sort=downloads&limit=40&expand[]=downloads&expand[]=likes&expand[]=cardData&expand[]=lastModified&expand[]=gated	HF list author=qwbu
F0122	2026-09-26T20:05:49Z	200	14274	f3259f599d1fc220d1056c4700a1602701f9440f65455fd961c7eceba223d5f6	https://huggingface.co/api/models?author=Alibaba-DAMO-Academy&sort=downloads&limit=40&expand[]=downloads&expand[]=likes&expand[]=cardData&expand[]=lastModified&expand[]=gated	HF list author=Alibaba-DAMO-Academy
F0123	2026-09-26T20:05:49Z	200	3458	aad594a03dfa4810a6eca7cbad08061ece8e8873046c9ed390e2839a5e799d4a	https://huggingface.co/api/models?author=BeingBeyond&sort=downloads&limit=40&expand[]=downloads&expand[]=likes&expand[]=cardData&expand[]=lastModified&expand[]=gated	HF list author=BeingBeyond
F0124	2026-09-26T20:05:50Z	200	471	3a0aed426061c22274189ce6e52a23b450d500019401f8dbe96b52a8515c7643	https://huggingface.co/api/models?author=Spirit-AI-robotics&sort=downloads&limit=40&expand[]=downloads&expand[]=likes&expand[]=cardData&expand[]=lastModified&expand[]=gated	HF list author=Spirit-AI-robotics
F0125	2026-09-26T20:05:50Z	200	177	12bcca449cfe85fa67aae8e426f356e0c8077e5f19c55583cb10156f93f14438	https://huggingface.co/api/models?author=ginwind&sort=downloads&limit=40&expand[]=downloads&expand[]=likes&expand[]=cardData&expand[]=lastModified&expand[]=gated	HF list author=ginwind
F0126	2026-09-26T20:05:50Z	200	203	4ff9d0d5972c8c16c92b398464e5ff9bba23af35ffbfb401f97b2901038ad1d5	https://huggingface.co/api/models?author=Etched&sort=downloads&limit=40&expand[]=downloads&expand[]=likes&expand[]=cardData&expand[]=lastModified&expand[]=gated	HF list author=Etched
F0127	2026-09-26T20:05:50Z	200	370	a4cc2c01d56414dce6b196a83dc677b62e4829b28a95eafbf64ee0ea57526407	https://huggingface.co/api/models?author=eloialonso&sort=downloads&limit=40&expand[]=downloads&expand[]=likes&expand[]=cardData&expand[]=lastModified&expand[]=gated	HF list author=eloialonso
F0128	2026-09-26T20:05:50Z	200	949	81111f967e526c35a080e3d73d341facb5bfa17187607d805dbe961308ae4efe	https://huggingface.co/api/models?author=yjguo&sort=downloads&limit=40&expand[]=downloads&expand[]=likes&expand[]=cardData&expand[]=lastModified&expand[]=gated	HF list author=yjguo
F0129	2026-09-26T20:05:51Z	200	382	a5e60bad9f4d45e53fa4eb218070700a0c7139eecb97079f10ee0d1d5bd35a88	https://huggingface.co/api/models?author=BLM-Lab&sort=downloads&limit=40&expand[]=downloads&expand[]=likes&expand[]=cardData&expand[]=lastModified&expand[]=gated	HF list author=BLM-Lab
F0130	2026-09-26T20:05:51Z	200	2	4f53cda18c2baa0c0354bb5f9a3ecbe5ed12ab4d8e11ba873c2f11161202b945	https://huggingface.co/api/models?author=Decart-AI&sort=downloads&limit=40&expand[]=downloads&expand[]=likes&expand[]=cardData&expand[]=lastModified&expand[]=gated	HF list author=Decart-AI
F0131	2026-09-26T20:05:51Z	200	2	4f53cda18c2baa0c0354bb5f9a3ecbe5ed12ab4d8e11ba873c2f11161202b945	https://huggingface.co/api/models?author=decart&sort=downloads&limit=40&expand[]=downloads&expand[]=likes&expand[]=cardData&expand[]=lastModified&expand[]=gated	HF list author=decart
F0132	2026-09-26T20:05:51Z	200	16885	f6b6a101e29c9db60f57ae3dc14b2609e1c7e38359ad09c1f2efbfce377f73a1	https://huggingface.co/api/models?author=declare-lab&sort=downloads&limit=40&expand[]=downloads&expand[]=likes&expand[]=cardData&expand[]=lastModified&expand[]=gated	HF list author=declare-lab
F0133	2026-09-26T20:06:07Z	200	253	abfe465f8ef18cd7494e328f93de0aa6d8c7949c373f76cde6ff9e72d79b38a9	https://huggingface.co/api/models/Alibaba-DAMO-Academy/WorldVLA?expand[]=downloads&expand[]=likes&expand[]=cardData&expand[]=lastModified&expand[]=gated	HF model Alibaba-DAMO-Academy/WorldVLA
F0134	2026-09-26T20:06:07Z	200	155	5ac5a80d838e36086b6fa3b61f6e40a36f4e9ca8a7924dc97470ee2bebdcf73d	https://huggingface.co/api/models/Alibaba-DAMO-Academy/RynnVLA-002?expand[]=downloads&expand[]=likes&expand[]=cardData&expand[]=lastModified&expand[]=gated	HF model Alibaba-DAMO-Academy/RynnVLA-002
F0135	2026-09-26T20:06:08Z	200	199	12b69137dd1dd8c73e918525b8b6857d8b064074ce9340c7c14a568577a94b6e	https://huggingface.co/api/models/Alibaba-DAMO-Academy/RynnVLA-001-7B-Base?expand[]=downloads&expand[]=likes&expand[]=cardData&expand[]=lastModified&expand[]=gated	HF model Alibaba-DAMO-Academy/RynnVLA-001-7B-Base
F0136	2026-09-26T20:06:08Z	200	413	2ec422e4e168503454fd3c368209df6a3630e5730ff031a3342f64a2af7baad4	https://huggingface.co/api/models/Alibaba-DAMO-Academy/RynnWorld-Teleop?expand[]=downloads&expand[]=likes&expand[]=cardData&expand[]=lastModified&expand[]=gated	HF model Alibaba-DAMO-Academy/RynnWorld-Teleop
F0137	2026-09-26T20:06:08Z	200	264	fddbb674ad977a068c0293b5a4a3b697e3ec2197805cf5a698e8c91642cf8d71	https://huggingface.co/api/models/robbyant/lingbot-world-base-cam?expand[]=downloads&expand[]=likes&expand[]=cardData&expand[]=lastModified&expand[]=gated	HF model robbyant/lingbot-world-base-cam
F0138	2026-09-26T20:06:08Z	200	527	711d158532652df44112f3276a39af9e18cc0e8c053f15662761bb07c20a8ff3	https://huggingface.co/api/models/tencent/HunyuanWorld-1?expand[]=downloads&expand[]=likes&expand[]=cardData&expand[]=lastModified&expand[]=gated	HF model tencent/HunyuanWorld-1
F0139	2026-09-26T20:06:08Z	200	559	7ebbe75c103a7fb9a75914867fca50aa56cd3794a443b58d54093d222cfcd4e8	https://huggingface.co/api/models/tencent/HunyuanWorld-Voyager?expand[]=downloads&expand[]=likes&expand[]=cardData&expand[]=lastModified&expand[]=gated	HF model tencent/HunyuanWorld-Voyager
F0140	2026-09-26T20:06:08Z	200	518	ee6d0f5122f9b12d3bd9aea2d22d088b55c458a8565f5617330f626eab37ba9b	https://huggingface.co/api/models/tencent/HY-WorldPlay?expand[]=downloads&expand[]=likes&expand[]=cardData&expand[]=lastModified&expand[]=gated	HF model tencent/HY-WorldPlay
F0141	2026-09-26T20:06:09Z	200	235	14d0aa4b093fa76ce9c033ff63d6ecb1231cfd70972a0e139276af41474591a5	https://huggingface.co/api/models/AetherWorldModel/AetherV1?expand[]=downloads&expand[]=likes&expand[]=cardData&expand[]=lastModified&expand[]=gated	HF model AetherWorldModel/AetherV1
F0142	2026-09-26T20:06:09Z	401	41	65842e3d84e6b7f62a470c85204e80b953bb8f944e9b69813130a9d7f3eaa1d8	https://huggingface.co/api/models/stdstu12/Yume-5B-720P?expand[]=downloads&expand[]=likes&expand[]=cardData&expand[]=lastModified&expand[]=gated	HF model stdstu12/Yume-5B-720P
F0143	2026-09-26T20:06:09Z	401	41	65842e3d84e6b7f62a470c85204e80b953bb8f944e9b69813130a9d7f3eaa1d8	https://huggingface.co/api/models/stdstu12/Yume-I2V-540P?expand[]=downloads&expand[]=likes&expand[]=cardData&expand[]=lastModified&expand[]=gated	HF model stdstu12/Yume-I2V-540P
F0144	2026-09-26T20:06:09Z	200	447	fac10c8b623799ee3d82c972f675b3627965b735b820fe2843485b9cca8f5163	https://huggingface.co/api/models/nvidia/Cosmos3-Nano?expand[]=downloads&expand[]=likes&expand[]=cardData&expand[]=lastModified&expand[]=gated	HF model nvidia/Cosmos3-Nano
F0145	2026-09-26T20:06:09Z	200	6886	7f2bb69e276c16688b03e8ad111172bc84e97be7b44ff1aafaa8bf44279c59f6	https://huggingface.co/api/models/nvidia/Cosmos-Predict2.5-2B?expand[]=downloads&expand[]=likes&expand[]=cardData&expand[]=lastModified&expand[]=gated	HF model nvidia/Cosmos-Predict2.5-2B
F0146	2026-09-26T20:06:10Z	200	279	298b310f8846b346c5a74d97d2e0012dbba9db95e84c2fc798c04f69f61c3661	https://huggingface.co/api/models/facebook/vjepa2-vitg-fpc64-256?expand[]=downloads&expand[]=likes&expand[]=cardData&expand[]=lastModified&expand[]=gated	HF model facebook/vjepa2-vitg-fpc64-256
F0147	2026-09-26T20:06:10Z	200	263	19f9450c81d80d23bd91f270ff7e32337afc2d5d5a1b08c765eed673d8890335	https://huggingface.co/api/models/agibot-world/GO-1?expand[]=downloads&expand[]=likes&expand[]=cardData&expand[]=lastModified&expand[]=gated	HF model agibot-world/GO-1
F0148	2026-09-26T20:06:10Z	200	153	15171f367c928ebd23882bfa0f8a215232f874c65e009a6f9d12be7e462e64b0	https://huggingface.co/api/models/x-square-robot/wall-oss-flow?expand[]=downloads&expand[]=likes&expand[]=cardData&expand[]=lastModified&expand[]=gated	HF model x-square-robot/wall-oss-flow
F0149	2026-09-26T20:06:10Z	200	149	b8db83ad1614ef7337bdc8ad7e4a67c342c1f3a021c7d69e43ce344aff7dc4e0	https://huggingface.co/api/models/robbyant/lingbot-vla-4b?expand[]=downloads&expand[]=likes&expand[]=cardData&expand[]=lastModified&expand[]=gated	HF model robbyant/lingbot-vla-4b
F0150	2026-09-26T20:06:10Z	200	240	9b02f20994987f7eed6d86a357e584a866fa7d5838037857d457fa880579617b	https://huggingface.co/api/models/allenai/MolmoAct2?expand[]=downloads&expand[]=likes&expand[]=cardData&expand[]=lastModified&expand[]=gated	HF model allenai/MolmoAct2
F0151	2026-09-26T20:06:11Z	200	182	297701f8300c0672d25ae4c60b90c4b2b6f7e4885f7b652e209a60ce6758bb07	https://huggingface.co/api/models/nvidia/GR00T-N1.7-3B?expand[]=downloads&expand[]=likes&expand[]=cardData&expand[]=lastModified&expand[]=gated	HF model nvidia/GR00T-N1.7-3B
F0152	2026-09-26T20:06:11Z	200	336	fe4f1f73593b47ed099865e2fd26153e58d606f06553cc9e26df2c5f8aacdc7d	https://huggingface.co/api/models/lerobot/smolvla_base?expand[]=downloads&expand[]=likes&expand[]=cardData&expand[]=lastModified&expand[]=gated	HF model lerobot/smolvla_base
F0153	2026-09-26T20:06:11Z	200	328	d349875b9911ca3655310a0085d75d23e31b1145a260341a1c801f7e6e9ff7dc	https://huggingface.co/api/models/lerobot/pi05_base?expand[]=downloads&expand[]=likes&expand[]=cardData&expand[]=lastModified&expand[]=gated	HF model lerobot/pi05_base
F0154	2026-09-26T20:06:11Z	200	380	f674c87f40ad73538dbbd1c423d3dea6b5d262acc6c02fc955091eb87a22a1c1	https://huggingface.co/api/models/BLM-Lab/Boundless-World-Model?expand[]=downloads&expand[]=likes&expand[]=cardData&expand[]=lastModified&expand[]=gated	HF model BLM-Lab/Boundless-World-Model
F0155	2026-09-26T20:06:11Z	200	474	081fd90dd9bdb6ef134bc7b3066046ccd1ea59ce1680551ca140fa78ab023fb9	https://huggingface.co/api/models/OpenGalaxea/G05?expand[]=downloads&expand[]=likes&expand[]=cardData&expand[]=lastModified&expand[]=gated	HF model OpenGalaxea/G05
F0156	2026-09-26T20:06:12Z	200	299	808f02b5f44a6ac287e5cd24c080a70a38013c85eee20f813cc6cc1b52a78145	https://huggingface.co/api/models/open-gigaai/GigaBrain-0.7-3.5B-Base?expand[]=downloads&expand[]=likes&expand[]=cardData&expand[]=lastModified&expand[]=gated	HF model open-gigaai/GigaBrain-0.7-3.5B-Base
F0157	2026-09-26T20:06:12Z	200	190	973db4b54edc1541e56e6e4555510dfa73a6cc50c21686f33f9c6a23d8c8eb7c	https://huggingface.co/api/models/unitreerobotics/UnifoLM-VLA-Base?expand[]=downloads&expand[]=likes&expand[]=cardData&expand[]=lastModified&expand[]=gated	HF model unitreerobotics/UnifoLM-VLA-Base
F0158	2026-09-26T20:06:12Z	401	41	65842e3d84e6b7f62a470c85204e80b953bb8f944e9b69813130a9d7f3eaa1d8	https://huggingface.co/api/models/AMAP-ML/DreamX-World?expand[]=downloads&expand[]=likes&expand[]=cardData&expand[]=lastModified&expand[]=gated	HF model AMAP-ML/DreamX-World
F0159	2026-09-26T20:06:29Z	200	10797	99a1d647e8751407fd965af6733624d96abfc1f2a7e767d09ed528ef414c603e	https://raw.githubusercontent.com/isaac-sim/IsaacSim/HEAD/LICENSE	LICENSE isaac-sim/IsaacSim
F0160	2026-09-26T20:06:29Z	200	1474	177978cbece0a4c454c2aaec5b3f145b39270814874c43109da9e829c39d9cba	https://raw.githubusercontent.com/ARISE-Initiative/robosuite/HEAD/LICENSE	LICENSE ARISE-Initiative/robosuite
F0161	2026-09-26T20:06:29Z	200	1418	5da18670b3f00c59847b1ded9c28dee59940d963b1e03b528b0108d9c5a09885	https://raw.githubusercontent.com/robocasa/robocasa/HEAD/LICENSE	LICENSE robocasa/robocasa
F0162	2026-09-26T20:06:30Z	404	14	d5558cd419c8d46bdc958064cb97f963d1ea793866414c025906ec15033512ed	https://raw.githubusercontent.com/bulletphysics/bullet3/HEAD/LICENSE	LICENSE bulletphysics/bullet3
F0163	2026-09-26T20:06:30Z	404	14	d5558cd419c8d46bdc958064cb97f963d1ea793866414c025906ec15033512ed	https://raw.githubusercontent.com/bulletphysics/bullet3/HEAD/LICENSE.md	LICENSE bulletphysics/bullet3
F0164	2026-09-26T20:06:30Z	200	1022	885cd516a8420acb7c3e0b1a7119913b686495001ae564e3229740460e8cff59	https://raw.githubusercontent.com/bulletphysics/bullet3/HEAD/LICENSE.txt	LICENSE bulletphysics/bullet3
F0165	2026-09-26T20:06:31Z	404	14	d5558cd419c8d46bdc958064cb97f963d1ea793866414c025906ec15033512ed	https://raw.githubusercontent.com/RobotLocomotion/drake/HEAD/LICENSE	LICENSE RobotLocomotion/drake
F0166	2026-09-26T20:06:31Z	404	14	d5558cd419c8d46bdc958064cb97f963d1ea793866414c025906ec15033512ed	https://raw.githubusercontent.com/RobotLocomotion/drake/HEAD/LICENSE.md	LICENSE RobotLocomotion/drake
F0167	2026-09-26T20:06:31Z	404	14	d5558cd419c8d46bdc958064cb97f963d1ea793866414c025906ec15033512ed	https://raw.githubusercontent.com/RobotLocomotion/drake/HEAD/LICENSE.txt	LICENSE RobotLocomotion/drake
F0168	2026-09-26T20:06:31Z	404	14	d5558cd419c8d46bdc958064cb97f963d1ea793866414c025906ec15033512ed	https://raw.githubusercontent.com/RobotLocomotion/drake/HEAD/License.txt	LICENSE RobotLocomotion/drake
F0169	2026-09-26T20:06:32Z	404	14	d5558cd419c8d46bdc958064cb97f963d1ea793866414c025906ec15033512ed	https://raw.githubusercontent.com/RobotLocomotion/drake/HEAD/COPYING	LICENSE RobotLocomotion/drake
F0170	2026-09-26T20:06:32Z	200	1698	68a284dd034413ae0b9c36b269c64e25d3dcf74c9356e0698e184a58ac2fd9e3	https://raw.githubusercontent.com/RobotLocomotion/drake/HEAD/LICENSE.TXT	LICENSE RobotLocomotion/drake
F0171	2026-09-26T20:06:32Z	404	14	d5558cd419c8d46bdc958064cb97f963d1ea793866414c025906ec15033512ed	https://raw.githubusercontent.com/OpenGalaxea/GalaxeaVLA/HEAD/LICENSE	LICENSE OpenGalaxea/GalaxeaVLA
F0172	2026-09-26T20:06:32Z	404	14	d5558cd419c8d46bdc958064cb97f963d1ea793866414c025906ec15033512ed	https://raw.githubusercontent.com/OpenGalaxea/GalaxeaVLA/HEAD/LICENSE.md	LICENSE OpenGalaxea/GalaxeaVLA
F0173	2026-09-26T20:06:33Z	404	14	d5558cd419c8d46bdc958064cb97f963d1ea793866414c025906ec15033512ed	https://raw.githubusercontent.com/OpenGalaxea/GalaxeaVLA/HEAD/LICENSE.txt	LICENSE OpenGalaxea/GalaxeaVLA
F0174	2026-09-26T20:06:33Z	404	14	d5558cd419c8d46bdc958064cb97f963d1ea793866414c025906ec15033512ed	https://raw.githubusercontent.com/OpenGalaxea/GalaxeaVLA/HEAD/License.txt	LICENSE OpenGalaxea/GalaxeaVLA
F0175	2026-09-26T20:06:33Z	404	14	d5558cd419c8d46bdc958064cb97f963d1ea793866414c025906ec15033512ed	https://raw.githubusercontent.com/OpenGalaxea/GalaxeaVLA/HEAD/COPYING	LICENSE OpenGalaxea/GalaxeaVLA
F0176	2026-09-26T20:06:33Z	404	14	d5558cd419c8d46bdc958064cb97f963d1ea793866414c025906ec15033512ed	https://raw.githubusercontent.com/OpenGalaxea/GalaxeaVLA/HEAD/LICENSE.TXT	LICENSE OpenGalaxea/GalaxeaVLA
F0177	2026-09-26T20:06:34Z	404	14	d5558cd419c8d46bdc958064cb97f963d1ea793866414c025906ec15033512ed	https://raw.githubusercontent.com/SpatialVLA/SpatialVLA/HEAD/LICENSE	LICENSE SpatialVLA/SpatialVLA
F0178	2026-09-26T20:06:34Z	404	14	d5558cd419c8d46bdc958064cb97f963d1ea793866414c025906ec15033512ed	https://raw.githubusercontent.com/SpatialVLA/SpatialVLA/HEAD/LICENSE.md	LICENSE SpatialVLA/SpatialVLA
F0179	2026-09-26T20:06:34Z	404	14	d5558cd419c8d46bdc958064cb97f963d1ea793866414c025906ec15033512ed	https://raw.githubusercontent.com/SpatialVLA/SpatialVLA/HEAD/LICENSE.txt	LICENSE SpatialVLA/SpatialVLA
F0180	2026-09-26T20:06:34Z	404	14	d5558cd419c8d46bdc958064cb97f963d1ea793866414c025906ec15033512ed	https://raw.githubusercontent.com/SpatialVLA/SpatialVLA/HEAD/License.txt	LICENSE SpatialVLA/SpatialVLA
F0181	2026-09-26T20:06:35Z	404	14	d5558cd419c8d46bdc958064cb97f963d1ea793866414c025906ec15033512ed	https://raw.githubusercontent.com/SpatialVLA/SpatialVLA/HEAD/COPYING	LICENSE SpatialVLA/SpatialVLA
F0182	2026-09-26T20:06:35Z	404	14	d5558cd419c8d46bdc958064cb97f963d1ea793866414c025906ec15033512ed	https://raw.githubusercontent.com/SpatialVLA/SpatialVLA/HEAD/LICENSE.TXT	LICENSE SpatialVLA/SpatialVLA
F0183	2026-09-26T20:06:35Z	404	14	d5558cd419c8d46bdc958064cb97f963d1ea793866414c025906ec15033512ed	https://raw.githubusercontent.com/OpenDriveLab/AgiBot-World/HEAD/LICENSE	LICENSE OpenDriveLab/AgiBot-World
F0184	2026-09-26T20:06:35Z	404	14	d5558cd419c8d46bdc958064cb97f963d1ea793866414c025906ec15033512ed	https://raw.githubusercontent.com/OpenDriveLab/AgiBot-World/HEAD/LICENSE.md	LICENSE OpenDriveLab/AgiBot-World
F0185	2026-09-26T20:06:35Z	404	14	d5558cd419c8d46bdc958064cb97f963d1ea793866414c025906ec15033512ed	https://raw.githubusercontent.com/OpenDriveLab/AgiBot-World/HEAD/LICENSE.txt	LICENSE OpenDriveLab/AgiBot-World
F0186	2026-09-26T20:06:36Z	404	14	d5558cd419c8d46bdc958064cb97f963d1ea793866414c025906ec15033512ed	https://raw.githubusercontent.com/OpenDriveLab/AgiBot-World/HEAD/License.txt	LICENSE OpenDriveLab/AgiBot-World
F0187	2026-09-26T20:06:36Z	404	14	d5558cd419c8d46bdc958064cb97f963d1ea793866414c025906ec15033512ed	https://raw.githubusercontent.com/OpenDriveLab/AgiBot-World/HEAD/COPYING	LICENSE OpenDriveLab/AgiBot-World
F0188	2026-09-26T20:06:36Z	404	14	d5558cd419c8d46bdc958064cb97f963d1ea793866414c025906ec15033512ed	https://raw.githubusercontent.com/OpenDriveLab/AgiBot-World/HEAD/LICENSE.TXT	LICENSE OpenDriveLab/AgiBot-World
F0189	2026-09-26T20:06:36Z	404	14	d5558cd419c8d46bdc958064cb97f963d1ea793866414c025906ec15033512ed	https://raw.githubusercontent.com/droid-dataset/droid/HEAD/LICENSE	LICENSE droid-dataset/droid
F0190	2026-09-26T20:06:37Z	404	14	d5558cd419c8d46bdc958064cb97f963d1ea793866414c025906ec15033512ed	https://raw.githubusercontent.com/droid-dataset/droid/HEAD/LICENSE.md	LICENSE droid-dataset/droid
F0191	2026-09-26T20:06:37Z	404	14	d5558cd419c8d46bdc958064cb97f963d1ea793866414c025906ec15033512ed	https://raw.githubusercontent.com/droid-dataset/droid/HEAD/LICENSE.txt	LICENSE droid-dataset/droid
F0192	2026-09-26T20:06:37Z	404	14	d5558cd419c8d46bdc958064cb97f963d1ea793866414c025906ec15033512ed	https://raw.githubusercontent.com/droid-dataset/droid/HEAD/License.txt	LICENSE droid-dataset/droid
F0193	2026-09-26T20:06:37Z	404	14	d5558cd419c8d46bdc958064cb97f963d1ea793866414c025906ec15033512ed	https://raw.githubusercontent.com/droid-dataset/droid/HEAD/COPYING	LICENSE droid-dataset/droid
F0194	2026-09-26T20:06:38Z	404	14	d5558cd419c8d46bdc958064cb97f963d1ea793866414c025906ec15033512ed	https://raw.githubusercontent.com/droid-dataset/droid/HEAD/LICENSE.TXT	LICENSE droid-dataset/droid
F0195	2026-09-26T20:06:38Z	200	2619	2ab44b68365473c112f5092211a38f231cb23e50de68b75a13369adbd76a74df	https://raw.githubusercontent.com/NVIDIA/cosmos/HEAD/LICENSE	LICENSE NVIDIA/cosmos
F0196	2026-09-26T20:06:38Z	200	17105	64d895381aeff6bee0cc43c53767b24ff7807047fad4bee5fa9a350175d78e1a	https://raw.githubusercontent.com/Tencent-Hunyuan/HunyuanWorld-1.0/HEAD/LICENSE	LICENSE Tencent-Hunyuan/HunyuanWorld-1.0
F0197	2026-09-26T20:06:38Z	404	14	d5558cd419c8d46bdc958064cb97f963d1ea793866414c025906ec15033512ed	https://raw.githubusercontent.com/Tencent-Hunyuan/HY-World-2.0/HEAD/LICENSE	LICENSE Tencent-Hunyuan/HY-World-2.0
F0198	2026-09-26T20:06:39Z	404	14	d5558cd419c8d46bdc958064cb97f963d1ea793866414c025906ec15033512ed	https://raw.githubusercontent.com/Tencent-Hunyuan/HY-World-2.0/HEAD/LICENSE.md	LICENSE Tencent-Hunyuan/HY-World-2.0
F0199	2026-09-26T20:06:39Z	404	14	d5558cd419c8d46bdc958064cb97f963d1ea793866414c025906ec15033512ed	https://raw.githubusercontent.com/Tencent-Hunyuan/HY-World-2.0/HEAD/LICENSE.txt	LICENSE Tencent-Hunyuan/HY-World-2.0
F0200	2026-09-26T20:06:39Z	200	16858	26a9f951e4097f7f965a4c3f93357beb3605246ba3663bf541593de75a1ecbd0	https://raw.githubusercontent.com/Tencent-Hunyuan/HY-World-2.0/HEAD/License.txt	LICENSE Tencent-Hunyuan/HY-World-2.0
F0201	2026-09-26T20:06:39Z	200	16493	4cf7e88bf692a5803158394af4f8e90dc205c9a81f99e3102aac870e1fc4ec52	https://raw.githubusercontent.com/Tencent-Hunyuan/HunyuanWorld-Voyager/HEAD/LICENSE	LICENSE Tencent-Hunyuan/HunyuanWorld-Voyager
F0202	2026-09-26T20:06:40Z	200	16386	cce528d63087c797210eacf1e11133b8123377b459d1a5b60b5a42141ce2f97c	https://raw.githubusercontent.com/Tencent-Hunyuan/Hunyuan-GameCraft-1.0/HEAD/LICENSE	LICENSE Tencent-Hunyuan/Hunyuan-GameCraft-1.0
F0203	2026-09-26T20:06:40Z	404	14	d5558cd419c8d46bdc958064cb97f963d1ea793866414c025906ec15033512ed	https://raw.githubusercontent.com/Tencent-Hunyuan/HY-WorldPlay/HEAD/LICENSE	LICENSE Tencent-Hunyuan/HY-WorldPlay
F0204	2026-09-26T20:06:40Z	404	14	d5558cd419c8d46bdc958064cb97f963d1ea793866414c025906ec15033512ed	https://raw.githubusercontent.com/Tencent-Hunyuan/HY-WorldPlay/HEAD/LICENSE.md	LICENSE Tencent-Hunyuan/HY-WorldPlay
F0205	2026-09-26T20:06:40Z	404	14	d5558cd419c8d46bdc958064cb97f963d1ea793866414c025906ec15033512ed	https://raw.githubusercontent.com/Tencent-Hunyuan/HY-WorldPlay/HEAD/LICENSE.txt	LICENSE Tencent-Hunyuan/HY-WorldPlay
F0206	2026-09-26T20:06:41Z	200	16045	c038acb649a9aece96655eada59e94f99bd8beddac0e1c85226582f354e676c6	https://raw.githubusercontent.com/Tencent-Hunyuan/HY-WorldPlay/HEAD/License.txt	LICENSE Tencent-Hunyuan/HY-WorldPlay
F0207	2026-09-26T20:06:41Z	404	14	d5558cd419c8d46bdc958064cb97f963d1ea793866414c025906ec15033512ed	https://raw.githubusercontent.com/Robbyant/lingbot-world-v2/HEAD/LICENSE	LICENSE Robbyant/lingbot-world-v2
F0208	2026-09-26T20:06:41Z	404	14	d5558cd419c8d46bdc958064cb97f963d1ea793866414c025906ec15033512ed	https://raw.githubusercontent.com/Robbyant/lingbot-world-v2/HEAD/LICENSE.md	LICENSE Robbyant/lingbot-world-v2
F0209	2026-09-26T20:06:41Z	200	20848	9e502ba75fd0fd30cea5497b438a4bc12f07f02bc932a7a6041fd6a18b8f46a0	https://raw.githubusercontent.com/Robbyant/lingbot-world-v2/HEAD/LICENSE.txt	LICENSE Robbyant/lingbot-world-v2
F0210	2026-09-26T20:06:42Z	200	20930	ca08f1b921733a34841bec5d6d58933e489c1f5c79389e2c633197c255a874ef	https://raw.githubusercontent.com/unitreerobotics/unifolm-world-model-action/HEAD/LICENSE	LICENSE unitreerobotics/unifolm-world-model-action
F0211	2026-09-26T20:06:42Z	200	543	cc7133bff763ebfb8dd845200e5dd0309ee2ece5574732ff73dbacc9e3c9aa52	https://raw.githubusercontent.com/InternRobotics/InternVLA-A-series/HEAD/LICENSE	LICENSE InternRobotics/InternVLA-A-series
F0212	2026-09-26T20:06:42Z	404	14	d5558cd419c8d46bdc958064cb97f963d1ea793866414c025906ec15033512ed	https://raw.githubusercontent.com/alibaba-damo-academy/RynnVLA-002/HEAD/LICENSE	LICENSE alibaba-damo-academy/RynnVLA-002
F0213	2026-09-26T20:06:42Z	404	14	d5558cd419c8d46bdc958064cb97f963d1ea793866414c025906ec15033512ed	https://raw.githubusercontent.com/alibaba-damo-academy/RynnVLA-002/HEAD/LICENSE.md	LICENSE alibaba-damo-academy/RynnVLA-002
F0214	2026-09-26T20:06:43Z	404	14	d5558cd419c8d46bdc958064cb97f963d1ea793866414c025906ec15033512ed	https://raw.githubusercontent.com/alibaba-damo-academy/RynnVLA-002/HEAD/LICENSE.txt	LICENSE alibaba-damo-academy/RynnVLA-002
F0215	2026-09-26T20:06:43Z	404	14	d5558cd419c8d46bdc958064cb97f963d1ea793866414c025906ec15033512ed	https://raw.githubusercontent.com/alibaba-damo-academy/RynnVLA-002/HEAD/License.txt	LICENSE alibaba-damo-academy/RynnVLA-002
F0216	2026-09-26T20:06:43Z	404	14	d5558cd419c8d46bdc958064cb97f963d1ea793866414c025906ec15033512ed	https://raw.githubusercontent.com/alibaba-damo-academy/RynnVLA-002/HEAD/COPYING	LICENSE alibaba-damo-academy/RynnVLA-002
F0217	2026-09-26T20:06:43Z	404	14	d5558cd419c8d46bdc958064cb97f963d1ea793866414c025906ec15033512ed	https://raw.githubusercontent.com/alibaba-damo-academy/RynnVLA-002/HEAD/LICENSE.TXT	LICENSE alibaba-damo-academy/RynnVLA-002
F0218	2026-09-26T20:06:44Z	404	14	d5558cd419c8d46bdc958064cb97f963d1ea793866414c025906ec15033512ed	https://raw.githubusercontent.com/AgibotTech/Genie-Envisioner-V1/HEAD/LICENSE	LICENSE AgibotTech/Genie-Envisioner-V1
F0219	2026-09-26T20:06:44Z	404	14	d5558cd419c8d46bdc958064cb97f963d1ea793866414c025906ec15033512ed	https://raw.githubusercontent.com/AgibotTech/Genie-Envisioner-V1/HEAD/LICENSE.md	LICENSE AgibotTech/Genie-Envisioner-V1
F0220	2026-09-26T20:06:44Z	404	14	d5558cd419c8d46bdc958064cb97f963d1ea793866414c025906ec15033512ed	https://raw.githubusercontent.com/AgibotTech/Genie-Envisioner-V1/HEAD/LICENSE.txt	LICENSE AgibotTech/Genie-Envisioner-V1
F0221	2026-09-26T20:06:44Z	404	14	d5558cd419c8d46bdc958064cb97f963d1ea793866414c025906ec15033512ed	https://raw.githubusercontent.com/AgibotTech/Genie-Envisioner-V1/HEAD/License.txt	LICENSE AgibotTech/Genie-Envisioner-V1
F0222	2026-09-26T20:06:44Z	404	14	d5558cd419c8d46bdc958064cb97f963d1ea793866414c025906ec15033512ed	https://raw.githubusercontent.com/AgibotTech/Genie-Envisioner-V1/HEAD/COPYING	LICENSE AgibotTech/Genie-Envisioner-V1
F0223	2026-09-26T20:06:45Z	404	14	d5558cd419c8d46bdc958064cb97f963d1ea793866414c025906ec15033512ed	https://raw.githubusercontent.com/AgibotTech/Genie-Envisioner-V1/HEAD/LICENSE.TXT	LICENSE AgibotTech/Genie-Envisioner-V1
F0224	2026-09-26T20:06:45Z	404	14	d5558cd419c8d46bdc958064cb97f963d1ea793866414c025906ec15033512ed	https://raw.githubusercontent.com/ginwind/VLA-JEPA/HEAD/LICENSE	LICENSE ginwind/VLA-JEPA
F0225	2026-09-26T20:06:45Z	404	14	d5558cd419c8d46bdc958064cb97f963d1ea793866414c025906ec15033512ed	https://raw.githubusercontent.com/ginwind/VLA-JEPA/HEAD/LICENSE.md	LICENSE ginwind/VLA-JEPA
F0226	2026-09-26T20:06:45Z	404	14	d5558cd419c8d46bdc958064cb97f963d1ea793866414c025906ec15033512ed	https://raw.githubusercontent.com/ginwind/VLA-JEPA/HEAD/LICENSE.txt	LICENSE ginwind/VLA-JEPA
F0227	2026-09-26T20:06:46Z	404	14	d5558cd419c8d46bdc958064cb97f963d1ea793866414c025906ec15033512ed	https://raw.githubusercontent.com/ginwind/VLA-JEPA/HEAD/License.txt	LICENSE ginwind/VLA-JEPA
F0228	2026-09-26T20:06:46Z	404	14	d5558cd419c8d46bdc958064cb97f963d1ea793866414c025906ec15033512ed	https://raw.githubusercontent.com/ginwind/VLA-JEPA/HEAD/COPYING	LICENSE ginwind/VLA-JEPA
F0229	2026-09-26T20:06:46Z	404	14	d5558cd419c8d46bdc958064cb97f963d1ea793866414c025906ec15033512ed	https://raw.githubusercontent.com/ginwind/VLA-JEPA/HEAD/LICENSE.TXT	LICENSE ginwind/VLA-JEPA
F0230	2026-09-26T20:06:46Z	200	711	1b1f0e98b544c78c6e9dbd0b560db81443405f7ab270c693668935f9e8776b6a	https://raw.githubusercontent.com/next-state/open-dreamer/HEAD/LICENSE	LICENSE next-state/open-dreamer
F0231	2026-09-26T20:06:47Z	200	10808	93363510f62ce25ad1a47605b0b06ab335edd82f1a444531c58dd30b6e5a5a0c	https://raw.githubusercontent.com/NVIDIA/Isaac-GR00T/HEAD/LICENSE	LICENSE NVIDIA/Isaac-GR00T
F0232	2026-09-26T20:06:47Z	200	11356	43070e2d4e532684de521b885f385d0841030efa2b1a20bafb76133a5e1379c1	https://raw.githubusercontent.com/Physical-Intelligence/openpi/HEAD/LICENSE	LICENSE Physical-Intelligence/openpi
F0233	2026-09-26T20:06:47Z	200	11358	223741890e129dd801ba2ac7968971e25bddebb3da844fc0cd37d200f7e5eb91	https://raw.githubusercontent.com/allenai/molmoact/HEAD/LICENSE	LICENSE allenai/molmoact
F0234	2026-09-26T20:06:48Z	200	11358	cfc7749b96f63bd31c3c42b5c471bf756814053e847c10f3eb003417bc523d30	https://raw.githubusercontent.com/X-Square-Robot/wall-x/HEAD/LICENSE	LICENSE X-Square-Robot/wall-x
F0235	2026-09-26T20:06:48Z	200	11348	63b052b2e017d82d657a9cbcb6289fb61f830a61efe366eaa0bca9a9ca8875cd	https://raw.githubusercontent.com/Robbyant/lingbot-vla/HEAD/LICENSE	LICENSE Robbyant/lingbot-vla
F0236	2026-09-26T20:06:48Z	200	11357	c71d239df91726fc519c6eb72d318ec65820627232b2f796219e87dcf35d0ab4	https://raw.githubusercontent.com/boundless-large-model/boundless-world-model/HEAD/LICENSE	LICENSE boundless-large-model/boundless-world-model
F0237	2026-09-26T20:07:01Z	200	13111	7d0a4423a5a5bc7ac35f9ab4c1f64eb3f74f7592418a8dc5c80702b48455c788	https://huggingface.co/nvidia/GR00T-N1.7-3B/raw/main/README.md	HF card nvidia/GR00T-N1.7-3B
F0238	2026-09-26T20:07:02Z	200	3571	3014af6b5cb1b5b49c2ff70c1315f19e5d8b227fa16b2a37d8cfe69826437539	https://huggingface.co/allenai/MolmoAct2/raw/main/README.md	HF card allenai/MolmoAct2
F0239	2026-09-26T20:07:02Z	200	6989	d80c4aeeebb7d7fbaf6492577230a2489484b0cae2a05b642a0ffdbb532356da	https://huggingface.co/x-square-robot/wall-oss-flow/raw/main/README.md	HF card x-square-robot/wall-oss-flow
F0240	2026-09-26T20:07:02Z	200	1980	fea3f990adccdbc419cf37eb7d64329b6f0b8cfe7db63a1fa1926503c2afaa3e	https://huggingface.co/robbyant/lingbot-vla-4b/raw/main/README.md	HF card robbyant/lingbot-vla-4b
F0241	2026-09-26T20:07:02Z	200	2562	f0ecf7990d9004245d7aa083b4ada6cbeaf7c351f7d209047bedc7a99b8983fe	https://huggingface.co/agibot-world/GO-1/raw/main/README.md	HF card agibot-world/GO-1
F0242	2026-09-26T20:07:03Z	200	1752	897448c1d566c5282d62bdd65183a832ebe6c0fef33bc57f4b49642efeb9e1a8	https://huggingface.co/BLM-Lab/Boundless-World-Model/raw/main/README.md	HF card BLM-Lab/Boundless-World-Model
F0243	2026-09-26T20:07:03Z	200	2612	2d717dcf11526e714bde9a1f2feacadb2ec387e350ca6da4023b95eb5c7af048	https://huggingface.co/unitreerobotics/UnifoLM-VLA-Base/raw/main/README.md	HF card unitreerobotics/UnifoLM-VLA-Base
F0244	2026-09-26T20:07:03Z	200	2037	e4570ba290e700318b4689ec0e43bc56bcb0ca4dc6cd63ea73e2ddc56a43107b	https://huggingface.co/agibot-world/Genie-Envisioner-v1.0/raw/main/README.md	HF card agibot-world/Genie-Envisioner-v1.0
F0245	2026-09-26T20:07:04Z	200	7264	a89ccdb54013c9f49f9ca8fa43c92fb59105be8ab1887ccbe5a871ef41f72455	https://huggingface.co/Alibaba-DAMO-Academy/RynnVLA-002/raw/main/README.md	HF card Alibaba-DAMO-Academy/RynnVLA-002
F0246	2026-09-26T20:07:04Z	200	11791	1b649283b9e75fd6f83f55178f99b6f070438dfce105c0915e8026604ac1d1e0	https://huggingface.co/tencent/Hunyuan-GameCraft-1.0/raw/main/README.md	HF card tencent/Hunyuan-GameCraft-1.0
F0247	2026-09-26T20:07:04Z	200	30191	f100f71a1ea1a64b683186d1d514d3ee27ac73991dd9e7348df6de69c03754a3	https://raw.githubusercontent.com/OpenGalaxea/GalaxeaVLA/HEAD/README.md	README OpenGalaxea/GalaxeaVLA
F0248	2026-09-26T20:07:05Z	200	20623	b1a65fd6bda9000447a178e19c6a3badb9943f56a8aa48ee00e6f889b5e3225a	https://raw.githubusercontent.com/SpatialVLA/SpatialVLA/HEAD/README.md	README SpatialVLA/SpatialVLA
F0249	2026-09-26T20:07:05Z	200	19254	4ee72fc2161e3c66d93638f99ece0479c90bda996abe54f7070e4e08208b1acc	https://raw.githubusercontent.com/OpenDriveLab/AgiBot-World/HEAD/README.md	README OpenDriveLab/AgiBot-World
F0250	2026-09-26T20:07:05Z	200	1676	9a36b4fafef078dbb2405755c8fae758257a123e1edb499b8cd9ba700b380a47	https://raw.githubusercontent.com/droid-dataset/droid/HEAD/README.md	README droid-dataset/droid
F0251	2026-09-26T20:07:06Z	200	23874	6d2e5aafcbded1a2d6bdf51568bdd351653900f33fba61d7c82a73c15f9aef5a	https://raw.githubusercontent.com/alibaba-damo-academy/RynnVLA-002/HEAD/README.md	README alibaba-damo-academy/RynnVLA-002
F0252	2026-09-26T20:07:06Z	200	19153	496b1613a87c64643550a8cd6ed212f77823eb7d30301f6b1a84a31ca63023ee	https://raw.githubusercontent.com/AgibotTech/Genie-Envisioner-V1/HEAD/README.md	README AgibotTech/Genie-Envisioner-V1
F0253	2026-09-26T20:07:06Z	200	12511	f83d6339f2ac4621df50543326e5776fa8c39269b48560ad3f0654ff72544d56	https://raw.githubusercontent.com/ginwind/VLA-JEPA/HEAD/README.md	README ginwind/VLA-JEPA
F0254	2026-09-26T20:07:19Z	200	21543	a8a3e1666b28a916066e13b78f39870ff6961df3a9097f30211f3b7bd3d36a50	https://packages.ecosyste.ms/api/v1/registries/pypi.org/packages/lerobot	pypi-eco lerobot
F0255	2026-09-26T20:07:19Z	200	47090	46a8d94db38fe5617520e497d6c010abfafd2c84e7d32790fb5eecf755c1c92a	https://packages.ecosyste.ms/api/v1/registries/pypi.org/packages/mujoco	pypi-eco mujoco
F0256	2026-09-26T20:07:19Z	200	12650	d95a720fcb1a2c031ca2659773e4ab6d26e2147a2165887dfd58123033f1ab0d	https://packages.ecosyste.ms/api/v1/registries/pypi.org/packages/playground	pypi-eco playground
F0257	2026-09-26T20:07:20Z	200	25929	d39c6882ce8d0232c6bfda9fa1b55dc4d074d2ec60e4071136269b2a7a7284fa	https://packages.ecosyste.ms/api/v1/registries/pypi.org/packages/mujoco-warp	pypi-eco mujoco-warp
F0258	2026-09-26T20:07:20Z	200	34441	def7056fa4a7d55758328092a7889ffa7d503499bc59865aadb3c35ce7c40af3	https://packages.ecosyste.ms/api/v1/registries/pypi.org/packages/isaaclab	pypi-eco isaaclab
F0259	2026-09-26T20:07:21Z	200	2838	e8f39e5ab04576503d6e26dcfae25bd4d1e9a95d433a5e105bbc86d01bf88081	https://packages.ecosyste.ms/api/v1/registries/pypi.org/packages/isaacsim	pypi-eco isaacsim
F0260	2026-09-26T20:07:21Z	200	36114	2aa9d8221e45be01d9e8b999b5ca44d0fbac92a97627b4e57ae47b93dc597310	https://packages.ecosyste.ms/api/v1/registries/pypi.org/packages/genesis-world	pypi-eco genesis-world
F0261	2026-09-26T20:07:21Z	200	8487	ad6a6c7d4748f4e656bd46739d2eac183d3aa241f86cbf001f007f7f8c32306f	https://packages.ecosyste.ms/api/v1/registries/pypi.org/packages/mani-skill	pypi-eco mani-skill
F0262	2026-09-26T20:07:22Z	200	27464	bd5ac32d75e5ad297ef6c66a3a8a133ff8c2aba41ddc18afae02ce923f7a5fb1	https://packages.ecosyste.ms/api/v1/registries/pypi.org/packages/robosuite	pypi-eco robosuite
F0263	2026-09-26T20:07:22Z	404	21	51d0a9e3bd9ffc25483790aaffe7a3597e642edd040dddb16aafc324e6e922ed	https://packages.ecosyste.ms/api/v1/registries/pypi.org/packages/robocasa	pypi-eco robocasa
F0264	2026-09-26T20:07:22Z	200	18408	0ef6cba3c90061540f094610035b0fa2c508d967528a524dbbbf3b274819a312	https://packages.ecosyste.ms/api/v1/registries/pypi.org/packages/robomimic	pypi-eco robomimic
F0265	2026-09-26T20:07:23Z	200	59113	8f24f29d14f03c193d36300b7e276afe9b351feb6313be9a9acb669f5c326c16	https://packages.ecosyste.ms/api/v1/registries/pypi.org/packages/pybullet	pypi-eco pybullet
F0266	2026-09-26T20:07:23Z	404	21	51d0a9e3bd9ffc25483790aaffe7a3597e642edd040dddb16aafc324e6e922ed	https://packages.ecosyste.ms/api/v1/registries/pypi.org/packages/newton-sim	pypi-eco newton-sim
F0267	2026-09-26T20:07:23Z	200	39556	34cc4112f28cb13ec49fffe8fc8d0ba14d40ad453b761ca8f6b08042181fca88	https://packages.ecosyste.ms/api/v1/registries/pypi.org/packages/newton-physics	pypi-eco newton-physics
F0268	2026-09-26T20:07:24Z	200	4191	d57affdda5f676e5c331fc69f9a7f8eb4f226ea52d7925dd77cc4303d8c7795f	https://packages.ecosyste.ms/api/v1/registries/pypi.org/packages/drake	pypi-eco drake
F0269	2026-09-26T20:07:24Z	200	38336	4528b61b001f558f2d52200bb00036a7053c63d28d2ec761b6eb7da4d1f44cc6	https://packages.ecosyste.ms/api/v1/registries/pypi.org/packages/brax	pypi-eco brax
F0270	2026-09-26T20:07:24Z	200	16366	f9d6b3408b231702d65e33dad730697874936fbd535bf64ca8ea09f458277bb6	https://packages.ecosyste.ms/api/v1/registries/pypi.org/packages/mjlab	pypi-eco mjlab
F0271	2026-09-26T20:07:25Z	200	37557	224285e4ce298ed7936ae699f4f562b922e2716adfb995c50f9001b4f4239675	https://packages.ecosyste.ms/api/v1/registries/pypi.org/packages/gymnasium	pypi-eco gymnasium
F0272	2026-09-26T20:07:25Z	200	53657	b00683cc16fb9f83ad201f58fa239bc2140df59eb80e5c4d7a06aa6a142ec1f8	https://packages.ecosyste.ms/api/v1/registries/pypi.org/packages/carla	pypi-eco carla
F0273	2026-09-26T20:07:25Z	200	7843	9b340e490589015d10ebd21509af0fe79cb6ba95a8c6afb9e8299b21ad7f6aaa	https://packages.ecosyste.ms/api/v1/registries/pypi.org/packages/reachy-mini	pypi-eco reachy-mini
F0274	2026-09-26T20:07:26Z	200	2693	f723323954c04a183a0d982aa36510e1582daa12e108e2ce24d1aae3fb06466a	https://packages.ecosyste.ms/api/v1/registries/pypi.org/packages/habitat-sim	pypi-eco habitat-sim
F0275	2026-09-26T20:07:26Z	200	8009	00f97c8864b7c81d0c7b578b8c66182450d7b6d11934967c4d9ead3086bfe3b6	https://packages.ecosyste.ms/api/v1/registries/pypi.org/packages/unitree-sdk2py	pypi-eco unitree-sdk2py
F0276	2026-09-26T20:07:39Z	200	13143	1f73722970eeaec89782b3e2213ddd3afdae6af9210be07c97ac013fd23b522a	https://raw.githubusercontent.com/huggingface/lerobot/HEAD/README.md	README huggingface/lerobot
F0277	2026-09-26T20:07:40Z	200	9724	f50477192f4d3fbe21b436c83f78b0895c57e94f19ff5685e0742a259f5a8d88	https://raw.githubusercontent.com/google-deepmind/mujoco/HEAD/README.md	README google-deepmind/mujoco
F0278	2026-09-26T20:07:40Z	200	23419	d0d2206b9bbb9cf615798342f491f3405cf5576b9ab645b1bab0dc4bf21b9b01	https://raw.githubusercontent.com/Genesis-Embodied-AI/genesis-world/HEAD/README.md	README Genesis-Embodied-AI/genesis-world
F0279	2026-09-26T20:07:40Z	200	7010	304da9c2fdf69bf8944e1293a5c1bf146c434b2e6acd7604a46b3cfbfdfac10f	https://raw.githubusercontent.com/mani-skill/ManiSkill/HEAD/README.md	README mani-skill/ManiSkill
F0280	2026-09-26T20:07:41Z	200	5884	598d8346889d54454a89c164bdb2551aef416f806af3327e0e81e1168d00b767	https://raw.githubusercontent.com/ARISE-Initiative/robosuite/HEAD/README.md	README ARISE-Initiative/robosuite
F0281	2026-09-26T20:07:41Z	200	6245	45cc7a3aea87bfabc5d5a285266332d8d843e60f5d47669ae6849c26baf1a989	https://raw.githubusercontent.com/bulletphysics/bullet3/HEAD/README.md	README bulletphysics/bullet3
F0282	2026-09-26T20:07:41Z	200	5345	5230258467903a4e99599f9d8a25aff6021249481cb2e5e5b341a2c14215cbc4	https://raw.githubusercontent.com/mujocolab/mjlab/HEAD/README.md	README mujocolab/mjlab
F0283	2026-09-26T20:07:41Z	200	47869	f3038d8b68448111695ef3c3eec25cd8566da61c27b512267d7b85254134ce8a	https://raw.githubusercontent.com/newton-physics/newton/HEAD/README.md	README newton-physics/newton
F0284	2026-09-26T20:07:42Z	200	5874	9d11ffc341acce448974c215d1a69a2b5000de98a92373a129d37ec19b0becd0	https://raw.githubusercontent.com/pollen-robotics/reachy_mini/HEAD/README.md	README pollen-robotics/reachy_mini
F0285	2026-09-26T20:07:42Z	200	6866	cdc0ed41108caa44ad5881397e74539e7c70f7ed605ce68b0da52b1f957705e4	https://raw.githubusercontent.com/google/brax/HEAD/README.md	README google/brax
F0286	2026-09-26T20:07:42Z	200	7070	cfa6cd341760bcb61da2c846456751ac9e58573153307498deec6835c1d4301a	https://raw.githubusercontent.com/google-deepmind/mujoco_playground/HEAD/README.md	README google-deepmind/mujoco_playground
F0287	2026-09-26T20:07:42Z	200	11083	92027cbc1596a6dd893b9722a4e5da83a0d1058b8b46db3647ceaeb42928d6e2	https://raw.githubusercontent.com/isaac-sim/IsaacLab/HEAD/README.md	README isaac-sim/IsaacLab
F0288	2026-09-26T20:07:43Z	200	14688	6b3c841845c0551e96762543d08b8fb20c5b5f28761eb1322063394652b5ce90	https://raw.githubusercontent.com/isaac-sim/IsaacSim/HEAD/README.md	README isaac-sim/IsaacSim
F0289	2026-09-26T20:07:43Z	200	7589	37a3c8ae658e9a488f6e30dcba3ef5fc3209931dadc3140fbdd5855729e9c06c	https://raw.githubusercontent.com/google-deepmind/mujoco_warp/HEAD/README.md	README google-deepmind/mujoco_warp
F0290	2026-09-26T20:08:05Z	200	302	927a6bb2e6e4b77ff8f31c5f435ad74ec01b41c2010abb706a7f03602b18d56f	https://huggingface.co/api/datasets/lerobot/droid_1.0.1?expand[]=downloads&expand[]=likes&expand[]=cardData&expand[]=lastModified&expand[]=gated	HF dataset lerobot/droid_1.0.1
F0291	2026-09-26T20:08:05Z	200	354	27ae101643d13f48d53315cac2f7e3b67c3f6a0a2efe3c956c196417d6977afd	https://huggingface.co/api/datasets/cadene/droid?expand[]=downloads&expand[]=likes&expand[]=cardData&expand[]=lastModified&expand[]=gated	HF dataset cadene/droid
F0292	2026-09-26T20:08:06Z	200	415	be12d8555cc5fa394fe1c2bd4bb793175a9b5b6d2752dd9c3753fc655ed20c08	https://huggingface.co/api/datasets/x-humanoid-robomind/RoboMIND?expand[]=downloads&expand[]=likes&expand[]=cardData&expand[]=lastModified&expand[]=gated	HF dataset x-humanoid-robomind/RoboMIND
F0293	2026-09-26T20:08:06Z	200	1289	320ce164b2f7a7dedc652f5073e1d859245db7d55c14ab3f0017c65d87a29b59	https://huggingface.co/api/datasets/agibot-world/AgiBotWorld-Beta?expand[]=downloads&expand[]=likes&expand[]=cardData&expand[]=lastModified&expand[]=gated	HF dataset agibot-world/AgiBotWorld-Beta
F0294	2026-09-26T20:08:06Z	200	398	5fd9781ef1f0d0d5a0ff9a231903e8214bad56d0aa9d848715d9d8a649f4e7c9	https://huggingface.co/api/datasets/agibot-world/AgiBotWorld2026?expand[]=downloads&expand[]=likes&expand[]=cardData&expand[]=lastModified&expand[]=gated	HF dataset agibot-world/AgiBotWorld2026
F0295	2026-09-26T20:08:06Z	200	1291	2dbd89333bb3cee96247094fd64b25e164bb653ea5025f8960aaa42fd2e8114a	https://huggingface.co/api/datasets/agibot-world/AgiBotWorld-Alpha?expand[]=downloads&expand[]=likes&expand[]=cardData&expand[]=lastModified&expand[]=gated	HF dataset agibot-world/AgiBotWorld-Alpha
F0296	2026-09-26T20:08:06Z	200	2567	f07051167bbf06164016801c471b082a21ca065389be97b64ef35c31b76ef9e7	https://huggingface.co/api/datasets?author=nvidia&search=PhysicalAI-Robotics&sort=downloads&limit=10&expand[]=downloads&expand[]=cardData&expand[]=lastModified	HF datasets nvidia PhysicalAI-Robotics
F0297	2026-09-26T20:08:07Z	200	22778	bd5ae014c2fe3cd498007637f72a76fc2c603d7b383f31c9171d8eddc203f6d9	https://huggingface.co/api/datasets?filter=task_categories:robotics&sort=downloads&limit=40&expand[]=downloads&expand[]=cardData	HF datasets task robotics top40
F0298	2026-09-26T20:08:07Z	200	16215	72cd93dcef79eea2c62aebb0ca32432f4895b892f1f9bf44aadca8930dd3d573	https://huggingface.co/api/models?pipeline_tag=robotics&sort=downloads&limit=60&expand[]=downloads&expand[]=cardData	HF models pipeline robotics top60
F0299	2026-09-26T20:08:24Z	200	1165	c4a373031d2f53b4a9a0da569f0dff673973c373a97621c86bde19bf446d879e	https://huggingface.co/api/models?author=nvidia&search=Alpamayo&sort=downloads&limit=15&expand[]=downloads&expand[]=cardData&expand[]=lastModified	HF list author=nvidia&search=Alpamayo
F0300	2026-09-26T20:08:25Z	200	2164	f6d36f8e2e41cfb522d14b77d8e2cf888a4cf3e4bdb7be8feb82d6685a318d64	https://huggingface.co/api/models?author=tencent&search=Embodied&sort=downloads&limit=15&expand[]=downloads&expand[]=cardData&expand[]=lastModified	HF list author=tencent&search=Embodied
F0301	2026-09-26T20:08:25Z	200	2	4f53cda18c2baa0c0354bb5f9a3ecbe5ed12ab4d8e11ba873c2f11161202b945	https://huggingface.co/api/models?author=InternRobotics&search=InternData&sort=downloads&limit=15&expand[]=downloads&expand[]=cardData&expand[]=lastModified	HF list author=InternRobotics&search=InternData
F0302	2026-09-26T20:08:25Z	200	1269	8744537f7967d6e7e5f3f6d5beddc51764a6c52ef884b357cc54e65ec2edf019	https://huggingface.co/api/datasets/InternRobotics/InternData-A1?expand[]=downloads&expand[]=cardData&expand[]=lastModified&expand[]=gated	HF dataset InternData-A1
F0303	2026-09-26T20:08:46Z	200	3316	da6b6b551917594ce8ad662565fbf2695b4b647a7bff2125a5cabd3a4222513a	https://repos.ecosyste.ms/api/v1/hosts/GitHub/repositories/NVlabs%2Falpamayo	ecosystems NVlabs/alpamayo
F0304	2026-09-26T20:08:47Z	200	3378	4aab720cefb68417ceadf7c9ca4f671d6e339d88aac1809d720693715f50ea96	https://repos.ecosyste.ms/api/v1/hosts/GitHub/repositories/NVlabs%2Falpamayo1.5	ecosystems NVlabs/alpamayo1.5
F0305	2026-09-26T20:08:47Z	200	3175	9271447fc771eb2c7683060eeb630a146276d70a399e1857bded6f1efad75d10	https://repos.ecosyste.ms/api/v1/hosts/GitHub/repositories/Tencent-Hunyuan%2FHy-Embodied-0.5-VLA	ecosystems Tencent-Hunyuan/Hy-Embodied-0.5-VLA
F0306	2026-09-26T20:08:48Z	200	3288	fca164309327fef9c187686e9ee4045e411da3ba787243a2f10d82579882c74b	https://repos.ecosyste.ms/api/v1/hosts/GitHub/repositories/Tencent-Hunyuan%2FHY-WorldPlay	ecosystems Tencent-Hunyuan/HY-WorldPlay
F0307	2026-09-26T20:09:39Z	404	32	648584acecbc9e40f39145d268a9fb68964f2fac8774773bea29a23e3c741261	https://repos.ecosyste.ms/api/v1/hosts/GitHub/repositories/alibaba-damo-academy%2FRynnWorld-Teleop	ecosystems alibaba-damo-academy/RynnWorld-Teleop
F0308	2026-09-26T20:09:40Z	200	3200	8988a292c2d21ccb859e6b0d27201e100b46d5afbb9f3a9ef9a434d3885ba1ed	https://repos.ecosyste.ms/api/v1/hosts/GitHub/repositories/alibaba-damo-academy%2FRynnWorld-4D	ecosystems alibaba-damo-academy/RynnWorld-4D
F0309	2026-09-26T20:09:40Z	200	3306	b206a7dbc060f840b29d7da58cbcaa66864891f21c60a4df01b49d84a7877443	https://repos.ecosyste.ms/api/v1/hosts/GitHub/repositories/RoboTwin-Platform%2FRoboTwin	ecosystems RoboTwin-Platform/RoboTwin
F0310	2026-09-26T20:09:41Z	200	3349	13e14c25ad49a9f5e1ba3702d4305c899d9f5c538aef99b3bdda88fad3c94ca4	https://repos.ecosyste.ms/api/v1/hosts/GitHub/repositories/RoboVerseOrg%2FRoboVerse	ecosystems RoboVerseOrg/RoboVerse
F0311	2026-09-26T20:09:41Z	200	3481	46d89a3712e07b0ea250a81899fff061254d6341cc9ec1cabb24921aca03c02b	https://repos.ecosyste.ms/api/v1/hosts/GitHub/repositories/isaac-sim%2FIsaacLab-Arena	ecosystems isaac-sim/IsaacLab-Arena
F0312	2026-09-26T20:09:41Z	200	3403	fe6cbd87caa0e858ef056f394115670209c88f20a8a61cb5c4bac0fa8051a1d4	https://repos.ecosyste.ms/api/v1/hosts/GitHub/repositories/dora-rs%2Fdora	ecosystems dora-rs/dora
F0313	2026-09-26T20:09:41Z	200	230	3d55a3fb4b9ca238c4f14c81409ad755495333e2a808bba4b00c65be6eb43a57	https://huggingface.co/api/models/stdstu123/Yume-I2V-540P?expand[]=downloads&expand[]=cardData&expand[]=lastModified&expand[]=gated	HF model stdstu123/Yume-I2V-540P
F0314	2026-09-26T20:09:42Z	200	403	df445e7bbceac30ab6f5b713c8831266c84b678a576033e85f5a909661a1d85d	https://huggingface.co/api/models/Alibaba-DAMO-Academy/RynnWorld-4D?expand[]=downloads&expand[]=cardData&expand[]=lastModified&expand[]=gated	HF model Alibaba-DAMO-Academy/RynnWorld-4D
F0315	2026-09-26T20:09:42Z	200	971	132792194afaa739b78dbf675cb0326cac7054ce5f98e686ab172008b346afb3	https://huggingface.co/api/models?search=DreamX-World&sort=downloads&limit=10&expand[]=downloads&expand[]=cardData	HF search DreamX-World
F0316	2026-09-26T20:11:14Z	200	11624	77e5e9959661e631de1710e120d391130e0c70994d9afecd3358ae1b824e3e7a	https://raw.githubusercontent.com/Tencent-Hunyuan/Hy-Embodied-0.5-VLA/HEAD/LICENSE	LICENSE Tencent-Hunyuan/Hy-Embodied-0.5-VLA
F0317	2026-09-26T20:11:14Z	200	26524	e635f305cf6d2ddcf19096239761a87b33821e1ff124ec11fde5225e191540f4	https://raw.githubusercontent.com/TheRobotStudio/SO-ARM100/HEAD/README.md	README TheRobotStudio/SO-ARM100
F0318	2026-09-26T20:11:31Z	403	84	b3fffcb28f141fa636073a7861fa42fcdb0dcd62726aed2c60d76da6acc55e8d	https://ungh.cc/repos/huggingface/lerobot/releases/latest	ungh release huggingface/lerobot
F0319	2026-09-26T20:11:32Z	200	23977	002c4cd03dcd1aedff93947a25b5d4fa8fe53874c1e4d3066075cb5d62a5ef74	https://ungh.cc/repos/google-deepmind/mujoco/releases/latest	ungh release google-deepmind/mujoco
F0320	2026-09-26T20:11:32Z	403	84	b3fffcb28f141fa636073a7861fa42fcdb0dcd62726aed2c60d76da6acc55e8d	https://ungh.cc/repos/google-deepmind/mujoco_playground/releases/latest	ungh release google-deepmind/mujoco_playground
F0321	2026-09-26T20:11:33Z	200	50045	7a1efd2954d5df6f50dd87953433492ec2679138d64ea7d78523afefbe0eadca	https://ungh.cc/repos/isaac-sim/IsaacLab/releases/latest	ungh release isaac-sim/IsaacLab
F0322	2026-09-26T20:11:34Z	200	486	08821a03dc28c105e673f4e1ff6ebb059010fed4d52feaaf97f69b6afa0e12b4	https://ungh.cc/repos/isaac-sim/IsaacSim/releases/latest	ungh release isaac-sim/IsaacSim
F0323	2026-09-26T20:11:35Z	200	3526	1ea71bf8775e965f78107b626ead835068e9aa82eb3ebbda9e1d6aa625147ada	https://ungh.cc/repos/Genesis-Embodied-AI/genesis-world/releases/latest	ungh release Genesis-Embodied-AI/genesis-world
F0324	2026-09-26T20:11:36Z	200	6035	4b692d66c6acf2b76ac3bd1118780b432066554851bc2ba6129557cbf3da30e2	https://ungh.cc/repos/mani-skill/ManiSkill/releases/latest	ungh release mani-skill/ManiSkill
F0325	2026-09-26T20:11:37Z	200	13054	39af9f25c9f3fc9227557327e8747a988754c0fff0df1db6436a745a8583e539	https://ungh.cc/repos/facebookresearch/habitat-sim/releases/latest	ungh release facebookresearch/habitat-sim
F0326	2026-09-26T20:11:37Z	200	20391	4fbf7df28fa09b46b7021036175589953d818fa04852365e6a0270f67980de98	https://ungh.cc/repos/ARISE-Initiative/robosuite/releases/latest	ungh release ARISE-Initiative/robosuite
F0327	2026-09-26T20:11:38Z	200	2648	5e94df206d228d996fb361c82d38e60c79212c38435db472e459b8c098a8582b	https://ungh.cc/repos/robocasa/robocasa/releases/latest	ungh release robocasa/robocasa
F0328	2026-09-26T20:11:39Z	200	15393	8e3330d3c7424c2718c33b117bde2f38683c01db8728f0ba1d2e4d55cb625bfb	https://ungh.cc/repos/ARISE-Initiative/robomimic/releases/latest	ungh release ARISE-Initiative/robomimic
F0329	2026-09-26T20:11:40Z	200	2221	f15354a4268dcbc6689a9539c5ed75e97d27a63b8a5bf775676cecabb8bb6b24	https://ungh.cc/repos/bulletphysics/bullet3/releases/latest	ungh release bulletphysics/bullet3
F0330	2026-09-26T20:11:40Z	200	24000	ec138f32a2d862dff887f869f9baf78b1f94524b479c3d92d4d57f238917d91a	https://ungh.cc/repos/newton-physics/newton/releases/latest	ungh release newton-physics/newton
F0331	2026-09-26T20:11:41Z	200	1208	52725369f7a703a95a50642bc1dd581de86619854f4ed8b446e8c9a6e040c82a	https://ungh.cc/repos/google/brax/releases/latest	ungh release google/brax
F0332	2026-09-26T20:11:42Z	200	6945	9f46eee005db2849f9fdc47c11415b32d87493dfdb94c25fb37b4572202b712d	https://ungh.cc/repos/mujocolab/mjlab/releases/latest	ungh release mujocolab/mjlab
F0333	2026-09-26T20:11:42Z	200	233	eb1698797c8b1633a089c766deaca05354f7580954c30f95028b5c5b348a4be7	https://ungh.cc/repos/RoboTwin-Platform/RoboTwin/releases/latest	ungh release RoboTwin-Platform/RoboTwin
F0334	2026-09-26T20:11:43Z	403	84	b3fffcb28f141fa636073a7861fa42fcdb0dcd62726aed2c60d76da6acc55e8d	https://ungh.cc/repos/RoboVerseOrg/RoboVerse/releases/latest	ungh release RoboVerseOrg/RoboVerse
F0335	2026-09-26T20:11:43Z	403	84	b3fffcb28f141fa636073a7861fa42fcdb0dcd62726aed2c60d76da6acc55e8d	https://ungh.cc/repos/NVIDIA/Isaac-GR00T/releases/latest	ungh release NVIDIA/Isaac-GR00T
F0336	2026-09-26T20:11:44Z	429	230	37bb9134712c964372ac1c9504fd2845b0dab7000834f1ab9fcb090f6b0fb390	https://ungh.cc/repos/Physical-Intelligence/openpi/releases/latest	ungh release Physical-Intelligence/openpi
F0337	2026-09-26T20:11:45Z	429	230	37bb9134712c964372ac1c9504fd2845b0dab7000834f1ab9fcb090f6b0fb390	https://ungh.cc/repos/openvla/openvla/releases/latest	ungh release openvla/openvla
F0338	2026-09-26T20:11:45Z	429	230	37bb9134712c964372ac1c9504fd2845b0dab7000834f1ab9fcb090f6b0fb390	https://ungh.cc/repos/octo-models/octo/releases/latest	ungh release octo-models/octo
F0339	2026-09-26T20:11:46Z	429	230	37bb9134712c964372ac1c9504fd2845b0dab7000834f1ab9fcb090f6b0fb390	https://ungh.cc/repos/thu-ml/RDT2/releases/latest	ungh release thu-ml/RDT2
F0340	2026-09-26T20:11:47Z	429	230	37bb9134712c964372ac1c9504fd2845b0dab7000834f1ab9fcb090f6b0fb390	https://ungh.cc/repos/2toinf/X-VLA/releases/latest	ungh release 2toinf/X-VLA
F0341	2026-09-26T20:11:47Z	429	230	37bb9134712c964372ac1c9504fd2845b0dab7000834f1ab9fcb090f6b0fb390	https://ungh.cc/repos/open-gigaai/giga-brain-0/releases/latest	ungh release open-gigaai/giga-brain-0
F0342	2026-09-26T20:11:48Z	429	230	37bb9134712c964372ac1c9504fd2845b0dab7000834f1ab9fcb090f6b0fb390	https://ungh.cc/repos/OpenGalaxea/GalaxeaVLA/releases/latest	ungh release OpenGalaxea/GalaxeaVLA
F0343	2026-09-26T20:11:49Z	429	230	37bb9134712c964372ac1c9504fd2845b0dab7000834f1ab9fcb090f6b0fb390	https://ungh.cc/repos/Robbyant/lingbot-vla/releases/latest	ungh release Robbyant/lingbot-vla
F0344	2026-09-26T20:11:49Z	403	84	b3fffcb28f141fa636073a7861fa42fcdb0dcd62726aed2c60d76da6acc55e8d	https://ungh.cc/repos/InternRobotics/InternVLA-A-series/releases/latest	ungh release InternRobotics/InternVLA-A-series
F0345	2026-09-26T20:11:50Z	429	230	37bb9134712c964372ac1c9504fd2845b0dab7000834f1ab9fcb090f6b0fb390	https://ungh.cc/repos/X-Square-Robot/wall-x/releases/latest	ungh release X-Square-Robot/wall-x
F0346	2026-09-26T20:11:50Z	429	230	37bb9134712c964372ac1c9504fd2845b0dab7000834f1ab9fcb090f6b0fb390	https://ungh.cc/repos/allenai/molmoact/releases/latest	ungh release allenai/molmoact
F0347	2026-09-26T20:11:51Z	403	84	b3fffcb28f141fa636073a7861fa42fcdb0dcd62726aed2c60d76da6acc55e8d	https://ungh.cc/repos/microsoft/CogACT/releases/latest	ungh release microsoft/CogACT
F0348	2026-09-26T20:11:52Z	403	84	b3fffcb28f141fa636073a7861fa42fcdb0dcd62726aed2c60d76da6acc55e8d	https://ungh.cc/repos/SpatialVLA/SpatialVLA/releases/latest	ungh release SpatialVLA/SpatialVLA
F0349	2026-09-26T20:11:52Z	429	230	37bb9134712c964372ac1c9504fd2845b0dab7000834f1ab9fcb090f6b0fb390	https://ungh.cc/repos/OpenDriveLab/UniVLA/releases/latest	ungh release OpenDriveLab/UniVLA
F0350	2026-09-26T20:11:53Z	403	84	b3fffcb28f141fa636073a7861fa42fcdb0dcd62726aed2c60d76da6acc55e8d	https://ungh.cc/repos/alibaba-damo-academy/RynnVLA-002/releases/latest	ungh release alibaba-damo-academy/RynnVLA-002
F0351	2026-09-26T20:11:54Z	429	230	37bb9134712c964372ac1c9504fd2845b0dab7000834f1ab9fcb090f6b0fb390	https://ungh.cc/repos/XiaomiRobotics/Xiaomi-Robotics-0/releases/latest	ungh release XiaomiRobotics/Xiaomi-Robotics-0
F0352	2026-09-26T20:11:54Z	429	230	37bb9134712c964372ac1c9504fd2845b0dab7000834f1ab9fcb090f6b0fb390	https://ungh.cc/repos/BeingBeyond/Being-H0/releases/latest	ungh release BeingBeyond/Being-H0
F0353	2026-09-26T20:11:55Z	429	230	37bb9134712c964372ac1c9504fd2845b0dab7000834f1ab9fcb090f6b0fb390	https://ungh.cc/repos/Spirit-AI-Team/spirit-v1.5/releases/latest	ungh release Spirit-AI-Team/spirit-v1.5
F0354	2026-09-26T20:11:56Z	429	230	37bb9134712c964372ac1c9504fd2845b0dab7000834f1ab9fcb090f6b0fb390	https://ungh.cc/repos/Tencent-Hunyuan/Hy-Embodied-0.5-VLA/releases/latest	ungh release Tencent-Hunyuan/Hy-Embodied-0.5-VLA
F0355	2026-09-26T20:11:57Z	429	230	37bb9134712c964372ac1c9504fd2845b0dab7000834f1ab9fcb090f6b0fb390	https://ungh.cc/repos/NVlabs/alpamayo/releases/latest	ungh release NVlabs/alpamayo
F0356	2026-09-26T20:11:57Z	429	230	37bb9134712c964372ac1c9504fd2845b0dab7000834f1ab9fcb090f6b0fb390	https://ungh.cc/repos/RoboFlamingo/RoboFlamingo/releases/latest	ungh release RoboFlamingo/RoboFlamingo
F0357	2026-09-26T20:11:58Z	429	230	37bb9134712c964372ac1c9504fd2845b0dab7000834f1ab9fcb090f6b0fb390	https://ungh.cc/repos/ginwind/VLA-JEPA/releases/latest	ungh release ginwind/VLA-JEPA
F0358	2026-09-26T20:11:59Z	429	230	37bb9134712c964372ac1c9504fd2845b0dab7000834f1ab9fcb090f6b0fb390	https://ungh.cc/repos/google-deepmind/open_x_embodiment/releases/latest	ungh release google-deepmind/open_x_embodiment
F0359	2026-09-26T20:12:00Z	429	230	37bb9134712c964372ac1c9504fd2845b0dab7000834f1ab9fcb090f6b0fb390	https://ungh.cc/repos/droid-dataset/droid/releases/latest	ungh release droid-dataset/droid
F0360	2026-09-26T20:12:01Z	429	230	37bb9134712c964372ac1c9504fd2845b0dab7000834f1ab9fcb090f6b0fb390	https://ungh.cc/repos/OpenDriveLab/AgiBot-World/releases/latest	ungh release OpenDriveLab/AgiBot-World
F0361	2026-09-26T20:12:01Z	403	84	b3fffcb28f141fa636073a7861fa42fcdb0dcd62726aed2c60d76da6acc55e8d	https://ungh.cc/repos/TheRobotStudio/SO-ARM100/releases/latest	ungh release TheRobotStudio/SO-ARM100
F0362	2026-09-26T20:12:01Z	403	84	b3fffcb28f141fa636073a7861fa42fcdb0dcd62726aed2c60d76da6acc55e8d	https://ungh.cc/repos/jess-moss/koch-v1-1/releases/latest	ungh release jess-moss/koch-v1-1
F0363	2026-09-26T20:12:02Z	429	230	37bb9134712c964372ac1c9504fd2845b0dab7000834f1ab9fcb090f6b0fb390	https://ungh.cc/repos/pollen-robotics/reachy_mini/releases/latest	ungh release pollen-robotics/reachy_mini
F0364	2026-09-26T20:12:03Z	429	230	37bb9134712c964372ac1c9504fd2845b0dab7000834f1ab9fcb090f6b0fb390	https://ungh.cc/repos/tonyzhaozh/aloha/releases/latest	ungh release tonyzhaozh/aloha
F0365	2026-09-26T20:12:03Z	403	84	b3fffcb28f141fa636073a7861fa42fcdb0dcd62726aed2c60d76da6acc55e8d	https://ungh.cc/repos/HybridRobotics/berkeley-humanoid-lite/releases/latest	ungh release HybridRobotics/berkeley-humanoid-lite
F0366	2026-09-26T20:12:04Z	429	230	2abbe98a8ac13ffd932427498d9be1feeedd6f3b8d6761e6a93a5fb081a13963	https://ungh.cc/repos/SIGRobotics-UIUC/LeKiwi/releases/latest	ungh release SIGRobotics-UIUC/LeKiwi
F0367	2026-09-26T20:12:04Z	429	230	2abbe98a8ac13ffd932427498d9be1feeedd6f3b8d6761e6a93a5fb081a13963	https://ungh.cc/repos/enactic/openarm/releases/latest	ungh release enactic/openarm
F0368	2026-09-26T20:12:05Z	429	230	2abbe98a8ac13ffd932427498d9be1feeedd6f3b8d6761e6a93a5fb081a13963	https://ungh.cc/repos/NVIDIA/cosmos/releases/latest	ungh release NVIDIA/cosmos
F0369	2026-09-26T20:12:06Z	429	230	90a61f7317ad7c15bbb40ea87408b46dc85d044c0f82a51621e7a277098c9e9e	https://ungh.cc/repos/facebookresearch/vjepa2/releases/latest	ungh release facebookresearch/vjepa2
F0370	2026-09-26T20:12:06Z	403	84	b3fffcb28f141fa636073a7861fa42fcdb0dcd62726aed2c60d76da6acc55e8d	https://ungh.cc/repos/Tencent-Hunyuan/HY-World-2.0/releases/latest	ungh release Tencent-Hunyuan/HY-World-2.0
F0371	2026-09-26T20:12:07Z	429	230	2abbe98a8ac13ffd932427498d9be1feeedd6f3b8d6761e6a93a5fb081a13963	https://ungh.cc/repos/Tencent-Hunyuan/Hunyuan-GameCraft-1.0/releases/latest	ungh release Tencent-Hunyuan/Hunyuan-GameCraft-1.0
F0372	2026-09-26T20:12:07Z	429	230	2abbe98a8ac13ffd932427498d9be1feeedd6f3b8d6761e6a93a5fb081a13963	https://ungh.cc/repos/SkyworkAI/Matrix-Game/releases/latest	ungh release SkyworkAI/Matrix-Game
F0373	2026-09-26T20:12:08Z	429	230	2abbe98a8ac13ffd932427498d9be1feeedd6f3b8d6761e6a93a5fb081a13963	https://ungh.cc/repos/Robbyant/lingbot-world/releases/latest	ungh release Robbyant/lingbot-world
F0374	2026-09-26T20:12:09Z	429	230	2abbe98a8ac13ffd932427498d9be1feeedd6f3b8d6761e6a93a5fb081a13963	https://ungh.cc/repos/etched-ai/open-oasis/releases/latest	ungh release etched-ai/open-oasis
F0375	2026-09-26T20:12:09Z	403	84	b3fffcb28f141fa636073a7861fa42fcdb0dcd62726aed2c60d76da6acc55e8d	https://ungh.cc/repos/eloialonso/diamond/releases/latest	ungh release eloialonso/diamond
F0376	2026-09-26T20:12:10Z	429	230	2abbe98a8ac13ffd932427498d9be1feeedd6f3b8d6761e6a93a5fb081a13963	https://ungh.cc/repos/stdstu12/YUME/releases/latest	ungh release stdstu12/YUME
F0377	2026-09-26T20:12:11Z	429	230	2abbe98a8ac13ffd932427498d9be1feeedd6f3b8d6761e6a93a5fb081a13963	https://ungh.cc/repos/InternRobotics/Aether/releases/latest	ungh release InternRobotics/Aether
F0378	2026-09-26T20:12:11Z	403	84	b3fffcb28f141fa636073a7861fa42fcdb0dcd62726aed2c60d76da6acc55e8d	https://ungh.cc/repos/AgibotTech/Genie-Envisioner-V1/releases/latest	ungh release AgibotTech/Genie-Envisioner-V1
F0379	2026-09-26T20:12:12Z	403	84	b3fffcb28f141fa636073a7861fa42fcdb0dcd62726aed2c60d76da6acc55e8d	https://ungh.cc/repos/unitreerobotics/unifolm-world-model-action/releases/latest	ungh release unitreerobotics/unifolm-world-model-action
F0380	2026-09-26T20:12:12Z	429	230	2abbe98a8ac13ffd932427498d9be1feeedd6f3b8d6761e6a93a5fb081a13963	https://ungh.cc/repos/open-gigaai/giga-world-0/releases/latest	ungh release open-gigaai/giga-world-0
F0381	2026-09-26T20:12:13Z	429	230	2abbe98a8ac13ffd932427498d9be1feeedd6f3b8d6761e6a93a5fb081a13963	https://ungh.cc/repos/Robert-gyj/Ctrl-World/releases/latest	ungh release Robert-gyj/Ctrl-World
F0382	2026-09-26T20:12:14Z	429	230	2abbe98a8ac13ffd932427498d9be1feeedd6f3b8d6761e6a93a5fb081a13963	https://ungh.cc/repos/boundless-large-model/boundless-world-model/releases/latest	ungh release boundless-large-model/boundless-world-model
F0383	2026-09-26T20:12:14Z	403	84	b3fffcb28f141fa636073a7861fa42fcdb0dcd62726aed2c60d76da6acc55e8d	https://ungh.cc/repos/danijar/dreamerv3/releases/latest	ungh release danijar/dreamerv3
F0384	2026-09-26T20:12:15Z	429	230	2abbe98a8ac13ffd932427498d9be1feeedd6f3b8d6761e6a93a5fb081a13963	https://ungh.cc/repos/nicklashansen/tdmpc2/releases/latest	ungh release nicklashansen/tdmpc2
F0385	2026-09-26T20:12:15Z	429	230	2abbe98a8ac13ffd932427498d9be1feeedd6f3b8d6761e6a93a5fb081a13963	https://ungh.cc/repos/alibaba-damo-academy/RynnWorld-4D/releases/latest	ungh release alibaba-damo-academy/RynnWorld-4D
F0386	2026-09-26T20:12:16Z	429	230	2abbe98a8ac13ffd932427498d9be1feeedd6f3b8d6761e6a93a5fb081a13963	https://ungh.cc/repos/AMAP-ML/DreamX-World/releases/latest	ungh release AMAP-ML/DreamX-World
F0387	2026-09-26T20:12:25Z	200	26456	5edaddf30311016e0d80ec1767998a19dc8ebb847e1eb5558dbce7401c95e2c7	https://repos.ecosyste.ms/api/v1/hosts/GitHub/repositories/huggingface%2Flerobot/releases?per_page=1	eco releases huggingface/lerobot
F0388	2026-09-26T20:12:26Z	200	1063	9d382e51b4c0a26b6653591ffa7e8d6ed37ce48ee56b7db829ef4c6b1974c1c4	https://repos.ecosyste.ms/api/v1/hosts/GitHub/repositories/google-deepmind%2Fmujoco_playground/releases?per_page=1	eco releases google-deepmind/mujoco_playground
F0389	2026-09-26T20:12:27Z	200	2236	ce600c308b2be1597fbe13017ca35e32052840baa98044af5b993107007ecd04	https://repos.ecosyste.ms/api/v1/hosts/GitHub/repositories/RoboVerseOrg%2FRoboVerse/releases?per_page=1	eco releases RoboVerseOrg/RoboVerse
F0390	2026-09-26T20:12:28Z	200	812	2da1b9051df0782a5d39f48b227bd299aa2a9ff76d55bf6e2de9ad9261e46935	https://repos.ecosyste.ms/api/v1/hosts/GitHub/repositories/NVIDIA%2FIsaac-GR00T/releases?per_page=1	eco releases NVIDIA/Isaac-GR00T
F0391	2026-09-26T20:12:29Z	200	2	4f53cda18c2baa0c0354bb5f9a3ecbe5ed12ab4d8e11ba873c2f11161202b945	https://repos.ecosyste.ms/api/v1/hosts/GitHub/repositories/Physical-Intelligence%2Fopenpi/releases?per_page=1	eco releases Physical-Intelligence/openpi
F0392	2026-09-26T20:12:30Z	200	2	4f53cda18c2baa0c0354bb5f9a3ecbe5ed12ab4d8e11ba873c2f11161202b945	https://repos.ecosyste.ms/api/v1/hosts/GitHub/repositories/openvla%2Fopenvla/releases?per_page=1	eco releases openvla/openvla
F0393	2026-09-26T20:12:31Z	200	1063	4fceb683b904549853e526e500cad0eb8e33bf0bcac130706aaa143dce8803f9	https://repos.ecosyste.ms/api/v1/hosts/GitHub/repositories/octo-models%2Focto/releases?per_page=1	eco releases octo-models/octo
F0394	2026-09-26T20:12:32Z	200	2	4f53cda18c2baa0c0354bb5f9a3ecbe5ed12ab4d8e11ba873c2f11161202b945	https://repos.ecosyste.ms/api/v1/hosts/GitHub/repositories/thu-ml%2FRDT2/releases?per_page=1	eco releases thu-ml/RDT2
F0395	2026-09-26T20:12:33Z	200	2	4f53cda18c2baa0c0354bb5f9a3ecbe5ed12ab4d8e11ba873c2f11161202b945	https://repos.ecosyste.ms/api/v1/hosts/GitHub/repositories/2toinf%2FX-VLA/releases?per_page=1	eco releases 2toinf/X-VLA
F0396	2026-09-26T20:12:34Z	200	2	4f53cda18c2baa0c0354bb5f9a3ecbe5ed12ab4d8e11ba873c2f11161202b945	https://repos.ecosyste.ms/api/v1/hosts/GitHub/repositories/open-gigaai%2Fgiga-brain-0/releases?per_page=1	eco releases open-gigaai/giga-brain-0
F0397	2026-09-26T20:12:35Z	200	2	4f53cda18c2baa0c0354bb5f9a3ecbe5ed12ab4d8e11ba873c2f11161202b945	https://repos.ecosyste.ms/api/v1/hosts/GitHub/repositories/OpenGalaxea%2FGalaxeaVLA/releases?per_page=1	eco releases OpenGalaxea/GalaxeaVLA
F0398	2026-09-26T20:12:36Z	200	2	4f53cda18c2baa0c0354bb5f9a3ecbe5ed12ab4d8e11ba873c2f11161202b945	https://repos.ecosyste.ms/api/v1/hosts/GitHub/repositories/Robbyant%2Flingbot-vla/releases?per_page=1	eco releases Robbyant/lingbot-vla
F0399	2026-09-26T20:12:37Z	200	2	4f53cda18c2baa0c0354bb5f9a3ecbe5ed12ab4d8e11ba873c2f11161202b945	https://repos.ecosyste.ms/api/v1/hosts/GitHub/repositories/InternRobotics%2FInternVLA-A-series/releases?per_page=1	eco releases InternRobotics/InternVLA-A-series
F0400	2026-09-26T20:12:38Z	200	2	4f53cda18c2baa0c0354bb5f9a3ecbe5ed12ab4d8e11ba873c2f11161202b945	https://repos.ecosyste.ms/api/v1/hosts/GitHub/repositories/X-Square-Robot%2Fwall-x/releases?per_page=1	eco releases X-Square-Robot/wall-x
F0401	2026-09-26T20:12:39Z	200	2	4f53cda18c2baa0c0354bb5f9a3ecbe5ed12ab4d8e11ba873c2f11161202b945	https://repos.ecosyste.ms/api/v1/hosts/GitHub/repositories/allenai%2Fmolmoact/releases?per_page=1	eco releases allenai/molmoact
F0402	2026-09-26T20:12:40Z	200	2	4f53cda18c2baa0c0354bb5f9a3ecbe5ed12ab4d8e11ba873c2f11161202b945	https://repos.ecosyste.ms/api/v1/hosts/GitHub/repositories/microsoft%2FCogACT/releases?per_page=1	eco releases microsoft/CogACT
F0403	2026-09-26T20:12:41Z	200	2	4f53cda18c2baa0c0354bb5f9a3ecbe5ed12ab4d8e11ba873c2f11161202b945	https://repos.ecosyste.ms/api/v1/hosts/GitHub/repositories/SpatialVLA%2FSpatialVLA/releases?per_page=1	eco releases SpatialVLA/SpatialVLA
F0404	2026-09-26T20:12:42Z	200	2	4f53cda18c2baa0c0354bb5f9a3ecbe5ed12ab4d8e11ba873c2f11161202b945	https://repos.ecosyste.ms/api/v1/hosts/GitHub/repositories/OpenDriveLab%2FUniVLA/releases?per_page=1	eco releases OpenDriveLab/UniVLA
F0405	2026-09-26T20:12:43Z	200	2	4f53cda18c2baa0c0354bb5f9a3ecbe5ed12ab4d8e11ba873c2f11161202b945	https://repos.ecosyste.ms/api/v1/hosts/GitHub/repositories/alibaba-damo-academy%2FRynnVLA-002/releases?per_page=1	eco releases alibaba-damo-academy/RynnVLA-002
F0406	2026-09-26T20:12:44Z	200	2	4f53cda18c2baa0c0354bb5f9a3ecbe5ed12ab4d8e11ba873c2f11161202b945	https://repos.ecosyste.ms/api/v1/hosts/GitHub/repositories/XiaomiRobotics%2FXiaomi-Robotics-0/releases?per_page=1	eco releases XiaomiRobotics/Xiaomi-Robotics-0
F0407	2026-09-26T20:12:45Z	200	2	4f53cda18c2baa0c0354bb5f9a3ecbe5ed12ab4d8e11ba873c2f11161202b945	https://repos.ecosyste.ms/api/v1/hosts/GitHub/repositories/BeingBeyond%2FBeing-H0/releases?per_page=1	eco releases BeingBeyond/Being-H0
F0408	2026-09-26T20:12:46Z	200	2	4f53cda18c2baa0c0354bb5f9a3ecbe5ed12ab4d8e11ba873c2f11161202b945	https://repos.ecosyste.ms/api/v1/hosts/GitHub/repositories/Spirit-AI-Team%2Fspirit-v1.5/releases?per_page=1	eco releases Spirit-AI-Team/spirit-v1.5
F0409	2026-09-26T20:12:47Z	200	2	4f53cda18c2baa0c0354bb5f9a3ecbe5ed12ab4d8e11ba873c2f11161202b945	https://repos.ecosyste.ms/api/v1/hosts/GitHub/repositories/Tencent-Hunyuan%2FHy-Embodied-0.5-VLA/releases?per_page=1	eco releases Tencent-Hunyuan/Hy-Embodied-0.5-VLA
F0410	2026-09-26T20:12:48Z	200	2	4f53cda18c2baa0c0354bb5f9a3ecbe5ed12ab4d8e11ba873c2f11161202b945	https://repos.ecosyste.ms/api/v1/hosts/GitHub/repositories/NVlabs%2Falpamayo/releases?per_page=1	eco releases NVlabs/alpamayo
F0411	2026-09-26T20:12:49Z	200	2	4f53cda18c2baa0c0354bb5f9a3ecbe5ed12ab4d8e11ba873c2f11161202b945	https://repos.ecosyste.ms/api/v1/hosts/GitHub/repositories/RoboFlamingo%2FRoboFlamingo/releases?per_page=1	eco releases RoboFlamingo/RoboFlamingo
F0412	2026-09-26T20:12:50Z	200	2	4f53cda18c2baa0c0354bb5f9a3ecbe5ed12ab4d8e11ba873c2f11161202b945	https://repos.ecosyste.ms/api/v1/hosts/GitHub/repositories/ginwind%2FVLA-JEPA/releases?per_page=1	eco releases ginwind/VLA-JEPA
F0413	2026-09-26T20:12:51Z	200	2	4f53cda18c2baa0c0354bb5f9a3ecbe5ed12ab4d8e11ba873c2f11161202b945	https://repos.ecosyste.ms/api/v1/hosts/GitHub/repositories/google-deepmind%2Fopen_x_embodiment/releases?per_page=1	eco releases google-deepmind/open_x_embodiment
F0414	2026-09-26T20:12:52Z	200	2	4f53cda18c2baa0c0354bb5f9a3ecbe5ed12ab4d8e11ba873c2f11161202b945	https://repos.ecosyste.ms/api/v1/hosts/GitHub/repositories/droid-dataset%2Fdroid/releases?per_page=1	eco releases droid-dataset/droid
F0415	2026-09-26T20:12:52Z	200	2	4f53cda18c2baa0c0354bb5f9a3ecbe5ed12ab4d8e11ba873c2f11161202b945	https://repos.ecosyste.ms/api/v1/hosts/GitHub/repositories/OpenDriveLab%2FAgiBot-World/releases?per_page=1	eco releases OpenDriveLab/AgiBot-World
F0416	2026-09-26T20:12:54Z	200	663	30244879dbdd2327b991d49ad6ce0f6e54f3fbff90ffaa01ff90dd89cea1282f	https://repos.ecosyste.ms/api/v1/hosts/GitHub/repositories/TheRobotStudio%2FSO-ARM100/releases?per_page=1	eco releases TheRobotStudio/SO-ARM100
F0417	2026-09-26T20:12:55Z	200	2	4f53cda18c2baa0c0354bb5f9a3ecbe5ed12ab4d8e11ba873c2f11161202b945	https://repos.ecosyste.ms/api/v1/hosts/GitHub/repositories/jess-moss%2Fkoch-v1-1/releases?per_page=1	eco releases jess-moss/koch-v1-1
F0418	2026-09-26T20:12:56Z	200	15342	bee693ca1eb9f4d759aec6f81977dea3bd79bf99044d60efcd0fffdc977b36f8	https://repos.ecosyste.ms/api/v1/hosts/GitHub/repositories/pollen-robotics%2Freachy_mini/releases?per_page=1	eco releases pollen-robotics/reachy_mini
F0419	2026-09-26T20:12:57Z	200	2	4f53cda18c2baa0c0354bb5f9a3ecbe5ed12ab4d8e11ba873c2f11161202b945	https://repos.ecosyste.ms/api/v1/hosts/GitHub/repositories/tonyzhaozh%2Faloha/releases?per_page=1	eco releases tonyzhaozh/aloha
F0420	2026-09-26T20:12:58Z	200	4915	e1eaa87981a7de5092dc21b9bca927eae56960cce83ddae0d51c4009a2185885	https://repos.ecosyste.ms/api/v1/hosts/GitHub/repositories/HybridRobotics%2Fberkeley-humanoid-lite/releases?per_page=1	eco releases HybridRobotics/berkeley-humanoid-lite
F0421	2026-09-26T20:12:59Z	200	2	4f53cda18c2baa0c0354bb5f9a3ecbe5ed12ab4d8e11ba873c2f11161202b945	https://repos.ecosyste.ms/api/v1/hosts/GitHub/repositories/SIGRobotics-UIUC%2FLeKiwi/releases?per_page=1	eco releases SIGRobotics-UIUC/LeKiwi
F0422	2026-09-26T20:13:01Z	200	4258	2ca03972b843bd23032b55b77f50beb0658f670ddc696e87dace35c86d2a5e4d	https://repos.ecosyste.ms/api/v1/hosts/GitHub/repositories/enactic%2Fopenarm/releases?per_page=1	eco releases enactic/openarm
F0423	2026-09-26T20:13:02Z	200	2995	6158bf9f4a78c71eca1ca924541d8c464094c3bbda8c21aa491481fb367ee0c2	https://repos.ecosyste.ms/api/v1/hosts/GitHub/repositories/NVIDIA%2Fcosmos/releases?per_page=1	eco releases NVIDIA/cosmos
F0424	2026-09-26T20:13:03Z	200	2	4f53cda18c2baa0c0354bb5f9a3ecbe5ed12ab4d8e11ba873c2f11161202b945	https://repos.ecosyste.ms/api/v1/hosts/GitHub/repositories/facebookresearch%2Fvjepa2/releases?per_page=1	eco releases facebookresearch/vjepa2
F0425	2026-09-26T20:13:04Z	200	2	4f53cda18c2baa0c0354bb5f9a3ecbe5ed12ab4d8e11ba873c2f11161202b945	https://repos.ecosyste.ms/api/v1/hosts/GitHub/repositories/Tencent-Hunyuan%2FHY-World-2.0/releases?per_page=1	eco releases Tencent-Hunyuan/HY-World-2.0
F0426	2026-09-26T20:13:05Z	200	2	4f53cda18c2baa0c0354bb5f9a3ecbe5ed12ab4d8e11ba873c2f11161202b945	https://repos.ecosyste.ms/api/v1/hosts/GitHub/repositories/Tencent-Hunyuan%2FHunyuan-GameCraft-1.0/releases?per_page=1	eco releases Tencent-Hunyuan/Hunyuan-GameCraft-1.0
F0427	2026-09-26T20:13:06Z	200	2	4f53cda18c2baa0c0354bb5f9a3ecbe5ed12ab4d8e11ba873c2f11161202b945	https://repos.ecosyste.ms/api/v1/hosts/GitHub/repositories/SkyworkAI%2FMatrix-Game/releases?per_page=1	eco releases SkyworkAI/Matrix-Game
F0428	2026-09-26T20:13:07Z	200	2	4f53cda18c2baa0c0354bb5f9a3ecbe5ed12ab4d8e11ba873c2f11161202b945	https://repos.ecosyste.ms/api/v1/hosts/GitHub/repositories/Robbyant%2Flingbot-world/releases?per_page=1	eco releases Robbyant/lingbot-world
F0429	2026-09-26T20:13:08Z	200	2	4f53cda18c2baa0c0354bb5f9a3ecbe5ed12ab4d8e11ba873c2f11161202b945	https://repos.ecosyste.ms/api/v1/hosts/GitHub/repositories/etched-ai%2Fopen-oasis/releases?per_page=1	eco releases etched-ai/open-oasis
F0430	2026-09-26T20:13:08Z	200	2	4f53cda18c2baa0c0354bb5f9a3ecbe5ed12ab4d8e11ba873c2f11161202b945	https://repos.ecosyste.ms/api/v1/hosts/GitHub/repositories/eloialonso%2Fdiamond/releases?per_page=1	eco releases eloialonso/diamond
F0431	2026-09-26T20:13:09Z	200	2	4f53cda18c2baa0c0354bb5f9a3ecbe5ed12ab4d8e11ba873c2f11161202b945	https://repos.ecosyste.ms/api/v1/hosts/GitHub/repositories/stdstu12%2FYUME/releases?per_page=1	eco releases stdstu12/YUME
F0432	2026-09-26T20:13:10Z	200	2	4f53cda18c2baa0c0354bb5f9a3ecbe5ed12ab4d8e11ba873c2f11161202b945	https://repos.ecosyste.ms/api/v1/hosts/GitHub/repositories/InternRobotics%2FAether/releases?per_page=1	eco releases InternRobotics/Aether
F0433	2026-09-26T20:13:11Z	200	2	4f53cda18c2baa0c0354bb5f9a3ecbe5ed12ab4d8e11ba873c2f11161202b945	https://repos.ecosyste.ms/api/v1/hosts/GitHub/repositories/AgibotTech%2FGenie-Envisioner-V1/releases?per_page=1	eco releases AgibotTech/Genie-Envisioner-V1
F0434	2026-09-26T20:13:12Z	200	2	4f53cda18c2baa0c0354bb5f9a3ecbe5ed12ab4d8e11ba873c2f11161202b945	https://repos.ecosyste.ms/api/v1/hosts/GitHub/repositories/unitreerobotics%2Funifolm-world-model-action/releases?per_page=1	eco releases unitreerobotics/unifolm-world-model-action
F0435	2026-09-26T20:13:13Z	200	2	4f53cda18c2baa0c0354bb5f9a3ecbe5ed12ab4d8e11ba873c2f11161202b945	https://repos.ecosyste.ms/api/v1/hosts/GitHub/repositories/open-gigaai%2Fgiga-world-0/releases?per_page=1	eco releases open-gigaai/giga-world-0
F0436	2026-09-26T20:13:14Z	200	2	4f53cda18c2baa0c0354bb5f9a3ecbe5ed12ab4d8e11ba873c2f11161202b945	https://repos.ecosyste.ms/api/v1/hosts/GitHub/repositories/Robert-gyj%2FCtrl-World/releases?per_page=1	eco releases Robert-gyj/Ctrl-World
F0437	2026-09-26T20:13:15Z	200	2	4f53cda18c2baa0c0354bb5f9a3ecbe5ed12ab4d8e11ba873c2f11161202b945	https://repos.ecosyste.ms/api/v1/hosts/GitHub/repositories/boundless-large-model%2Fboundless-world-model/releases?per_page=1	eco releases boundless-large-model/boundless-world-model
F0438	2026-09-26T20:13:16Z	200	2	4f53cda18c2baa0c0354bb5f9a3ecbe5ed12ab4d8e11ba873c2f11161202b945	https://repos.ecosyste.ms/api/v1/hosts/GitHub/repositories/danijar%2Fdreamerv3/releases?per_page=1	eco releases danijar/dreamerv3
F0439	2026-09-26T20:13:17Z	200	2	4f53cda18c2baa0c0354bb5f9a3ecbe5ed12ab4d8e11ba873c2f11161202b945	https://repos.ecosyste.ms/api/v1/hosts/GitHub/repositories/nicklashansen%2Ftdmpc2/releases?per_page=1	eco releases nicklashansen/tdmpc2
F0440	2026-09-26T20:13:18Z	200	2	4f53cda18c2baa0c0354bb5f9a3ecbe5ed12ab4d8e11ba873c2f11161202b945	https://repos.ecosyste.ms/api/v1/hosts/GitHub/repositories/alibaba-damo-academy%2FRynnWorld-4D/releases?per_page=1	eco releases alibaba-damo-academy/RynnWorld-4D
F0441	2026-09-26T20:13:19Z	200	2	4f53cda18c2baa0c0354bb5f9a3ecbe5ed12ab4d8e11ba873c2f11161202b945	https://repos.ecosyste.ms/api/v1/hosts/GitHub/repositories/AMAP-ML%2FDreamX-World/releases?per_page=1	eco releases AMAP-ML/DreamX-World
F0442	2026-09-26T20:13:29Z	200	43533	5b1c3d578db73667caf91b904042ac46a9c39ad6fd0fbd3a98cee79ce549cdd6	https://export.arxiv.org/abs/2405.02292	arxiv ALOHA 2
F0443	2026-09-26T20:13:29Z	200	17952	6cde5a88114ed151d516aaa463501dd9044cbdc468c6dc1a1fb30910415042b5	https://aloha-2.github.io/	ALOHA 2 project page
F0444	2026-09-26T20:24:50Z	200	10797	99a1d647e8751407fd965af6733624d96abfc1f2a7e767d09ed528ef414c603e	https://raw.githubusercontent.com/isaac-sim/IsaacSim/HEAD/LICENSE	audit: isaac-sim license
F0445	2026-09-26T20:24:50Z	404	24	b82014934f66beeb9e05a37f65357c4b50db0349d25d68d818ed0319dd4feb40	https://pypi.org/pypi/robocasa/json	audit: robocasa pypi absence
F0446	2026-09-26T20:24:51Z	200	1418	5da18670b3f00c59847b1ded9c28dee59940d963b1e03b528b0108d9c5a09885	https://raw.githubusercontent.com/robocasa/robocasa/HEAD/LICENSE	audit: robocasa license
F0447	2026-09-26T20:24:51Z	200	16366	f9d6b3408b231702d65e33dad730697874936fbd535bf64ca8ea09f458277bb6	https://packages.ecosyste.ms/api/v1/registries/pypi.org/packages/mjlab	audit: mjlab pypi downloads
F0448	2026-09-26T20:24:51Z	200	310	2e55cff0961ae22c883f906612bdbb834ce7efa09fad0b5807b7bf78c7e8b9b1	https://huggingface.co/api/models/lerobot/smolvla_base?expand[]=downloads&expand[]=cardData&expand[]=lastModified	audit: smolvla HF downloads/license
F0449	2026-09-26T20:24:51Z	200	3079	28d7354c22c976f46238f3316a60fd19e661045682c0cada19294a2075c85c28	https://repos.ecosyste.ms/api/v1/hosts/GitHub/repositories/open-gigaai%2Fgiga-brain-0	audit: gigabrain repo owner/push
F0450	2026-09-26T20:24:52Z	200	215	e3b91a7d578f2ce929ea53dc2b906029b0d7f33e9acf9684557d8fde3fdddd75	https://huggingface.co/api/models/allenai/MolmoAct2?expand[]=downloads&expand[]=cardData&expand[]=lastModified	audit: molmoact2 downloads/license
F0451	2026-09-26T20:24:52Z	200	3199	ac531d19abc540876e303f2e0adf1dd50e1e93acbe759870df6dccce4ac50794	https://repos.ecosyste.ms/api/v1/hosts/GitHub/repositories/alibaba-damo-academy%2FRynnVLA-002	audit: rynnvla identity
F0452	2026-09-26T20:24:52Z	200	165	43b8cf5cef30f129f05f02c776fc2999a073c9fe1bb9eaefac3a312a93dbf3cd	https://huggingface.co/api/models/unitreerobotics/UnifoLM-VLA-Base?expand[]=downloads&expand[]=cardData&expand[]=lastModified	audit: unifolm-vla license/downloads
F0453	2026-09-26T20:24:52Z	401	41	65842e3d84e6b7f62a470c85204e80b953bb8f944e9b69813130a9d7f3eaa1d8	https://huggingface.co/api/models/ginwind/VLA-JEPA-Pretrain?expand[]=downloads&expand[]=cardData&expand[]=lastModified	audit: vla-jepa HF
F0454	2026-09-26T20:24:52Z	200	1221	0dc43fbf7d2328b1618cb6d393cd13831c44b000eda7d6cc71110145d3c2fb37	https://huggingface.co/api/datasets/agibot-world/AgiBotWorld-Beta?expand[]=downloads&expand[]=cardData	audit: agibot-world beta downloads
F0455	2026-09-26T20:24:53Z	200	3241	669c734d8b55069b0b1acdd28048eb347bbcf605e668c59518a87abbe88fe424	https://repos.ecosyste.ms/api/v1/hosts/GitHub/repositories/pollen-robotics%2Freachy_mini	audit: reachy-mini push/license
F0456	2026-09-26T20:24:53Z	200	11358	cfc7749b96f63bd31c3c42b5c471bf756814053e847c10f3eb003417bc523d30	https://raw.githubusercontent.com/enactic/openarm/HEAD/LICENSE	audit: openarm license
F0457	2026-09-26T20:24:53Z	200	16858	26a9f951e4097f7f965a4c3f93357beb3605246ba3663bf541593de75a1ecbd0	https://raw.githubusercontent.com/Tencent-Hunyuan/HY-World-2.0/HEAD/License.txt	audit: hy-world license
F0458	2026-09-26T20:24:54Z	200	216	a1b39e10d9374dcc218e21518a0230a9f539f38340cd6d9b0cc93d47aac49b42	https://huggingface.co/api/models/stdstu123/Yume-I2V-540P?expand[]=downloads&expand[]=cardData&expand[]=lastModified	audit: yume HF
F0459	2026-09-26T20:24:54Z	200	3072	e500479347f6bb841108befb81fdda354e9aa1f48249514997033be0967655a3	https://repos.ecosyste.ms/api/v1/hosts/GitHub/repositories/Robert-gyj%2FCtrl-World	audit: ctrl-world repo
F0460	2026-09-26T20:24:54Z	200	401	9dfec374f3574a1781a6c6cf56ebcf2b25f8a060f03727ace8b66a53aef628d6	https://huggingface.co/api/models/GD-ML/DreamX-World-5B?expand[]=downloads&expand[]=cardData&expand[]=lastModified	audit: dreamx-world HF
F0461	2026-09-26T20:24:54Z	200	421	0b02e8c927f980afc21ab28b56c0203aafa495e64181276d99aa8e0af6b22d92	https://huggingface.co/api/models/nvidia/Cosmos3-Nano?expand[]=downloads&expand[]=cardData&expand[]=lastModified	audit: cosmos3-nano downloads/license
F0462	2026-09-26T20:24:54Z	200	2559	6d3bc40947d9ac7af85b45e6afda0e888db55fc58e0695c597e5d9c4e201c0fc	https://repos.ecosyste.ms/api/v1/hosts/GitHub/repositories/openvla%2Fopenvla	audit: openvla fork/push
F0463	2026-09-26T20:24:55Z	200	298	32851e8d80964517039ba8f811804aea86ef0ef46933cd4ca237707e420bb4cc	https://huggingface.co/api/models/openvla/openvla-7b?expand[]=downloads&expand[]=cardData&expand[]=lastModified	audit: openvla downloads
F0464	2026-09-26T20:25:31Z	200	3366	50dedb98e0c758b4a802101821b8101c993e17064f3509393852f9176504ffa6	https://repos.ecosyste.ms/api/v1/hosts/GitHub/repositories/huggingface%2Flerobot	audit-resolve: lerobot github
F0465	2026-09-26T20:25:32Z	200	45904	4cb229c348285b76cb689cc0b8b9f6808a045e4ddfcfce3235be078ba5b7f50c	https://pypi.org/pypi/lerobot/json	audit-resolve: lerobot pypi
F0466	2026-09-26T20:25:32Z	200	3402	8a68a4cb4cda7f27b0c568af267e1bb773bae2c6abe8c1f0179c7fb322db9d87	https://repos.ecosyste.ms/api/v1/hosts/GitHub/repositories/google-deepmind%2Fmujoco	audit-resolve: mujoco github
F0467	2026-09-26T20:25:32Z	200	1407804	9d4c048cd8a6cb0c8e6791619cd28ee1757deab05c51cd1774ff8245d530bf03	https://pypi.org/pypi/mujoco/json	audit-resolve: mujoco pypi [truncated-to-300KB]
F0468	2026-09-26T20:25:33Z	200	3295	14f104c7ed095ce5d91c8726b629d90e9ae74efd5bf14fcd9c9302b93a046696	https://repos.ecosyste.ms/api/v1/hosts/GitHub/repositories/google-deepmind%2Fmujoco_playground	audit-resolve: mujoco-playground github
F0469	2026-09-26T20:25:33Z	200	22145	bccbb71a01ad32b279bfaee1ab9739e82cdcfce534f44a7ff96ad7c78a7b867d	https://pypi.org/pypi/playground/json	audit-resolve: mujoco-playground pypi
F0470	2026-09-26T20:25:34Z	200	3453	ad556b11a3e6e8b99acb69b29f6003913f0ca4f76e8d1ebdc92a88b2aeab5449	https://repos.ecosyste.ms/api/v1/hosts/GitHub/repositories/isaac-sim%2FIsaacLab	audit-resolve: isaac-lab github
F0471	2026-09-26T20:25:34Z	200	23917	96bbca031e5b2a5121c4ca72455849b65cd1528b228bfa7629455c652cc52691	https://pypi.org/pypi/isaaclab/json	audit-resolve: isaac-lab pypi
F0472	2026-09-26T20:25:35Z	200	3179	517151a8f940ffae2a03cb1b82145c06683cee022be9459f0e5738b82fda338c	https://repos.ecosyste.ms/api/v1/hosts/GitHub/repositories/isaac-sim%2FIsaacSim	audit-resolve: isaac-sim github
F0473	2026-09-26T20:25:35Z	200	3408	4fd33bf3cfdba2ac77aa5ab2627c65cba846c5d8e34682fba9d358655329d884	https://repos.ecosyste.ms/api/v1/hosts/GitHub/repositories/Genesis-Embodied-AI%2Fgenesis-world	audit-resolve: genesis github
F0474	2026-09-26T20:25:36Z	200	63414	8a9934d386909daad5d7dc4b7f30b3aa57e06f8c45d6c287f7383b58ebfd9622	https://pypi.org/pypi/genesis-world/json	audit-resolve: genesis pypi
F0475	2026-09-26T20:25:36Z	200	3446	a5b88a0996fe866330800914a9dbddba3b6daa1926a3b890cf8aca65bcdbb6c1	https://repos.ecosyste.ms/api/v1/hosts/GitHub/repositories/mani-skill%2FManiSkill	audit-resolve: maniskill github
F0476	2026-09-26T20:25:37Z	200	71855	e82d29ae9169d5496fbebbd57ae7c666ada0f35eb05f2626a6155cefa851302f	https://pypi.org/pypi/mani-skill/json	audit-resolve: maniskill pypi
F0477	2026-09-26T20:25:37Z	200	13290	2409b203891d239b49118fc72da285b0dadf8507fb306de8a6f5d5b54afe19af	https://repos.ecosyste.ms/api/v1/hosts/GitHub/repositories/facebookresearch%2Fhabitat-sim	audit-resolve: habitat github
F0478	2026-09-26T20:25:38Z	200	14295	affa4245cfccc70b1a326b974481cbaa153d1092804f31a614585d0ad88c74fb	https://repos.ecosyste.ms/api/v1/hosts/GitHub/repositories/ARISE-Initiative%2Frobosuite	audit-resolve: robosuite github
F0479	2026-09-26T20:25:38Z	200	37325	185fea216c76ec0c8835b8b3154b6a0ad1d25bc65a9c440bafb1ceea6fe7c119	https://pypi.org/pypi/robosuite/json	audit-resolve: robosuite pypi
F0480	2026-09-26T20:25:39Z	200	3118	d16e7c81a208cad809a5092363f98d12068579a5f95d236c1d2b02c48ae00011	https://repos.ecosyste.ms/api/v1/hosts/GitHub/repositories/robocasa%2Frobocasa	audit-resolve: robocasa github
F0481	2026-09-26T20:25:39Z	200	9571	84e7b1a931033af612f47d4ff22dd0a31b9e294e04f47d8853be04db6822d7e9	https://repos.ecosyste.ms/api/v1/hosts/GitHub/repositories/ARISE-Initiative%2Frobomimic	audit-resolve: robomimic github
F0482	2026-09-26T20:25:40Z	200	8293	4e8745034db9c4aa1dc8cf4c6f09486ad2d699d84df7736220f5f4765cbcd09e	https://pypi.org/pypi/robomimic/json	audit-resolve: robomimic pypi
F0483	2026-09-26T20:25:40Z	200	37033	b86b4a32496adf9e059b127c9d06f93073edf9d4e72a6c125aecd82b95975309	https://repos.ecosyste.ms/api/v1/hosts/GitHub/repositories/bulletphysics%2Fbullet3	audit-resolve: pybullet github
F0484	2026-09-26T20:25:40Z	200	368118	8a1f606b4c2cf434b8ebd76fb2c5857feed7e13ba185471eb43eff41818d9d2c	https://pypi.org/pypi/pybullet/json	audit-resolve: pybullet pypi
F0485	2026-09-26T20:25:41Z	200	3413	ee3c202307b642c43b03821d12baf4ecbc184425ba73a407349c809337e67e45	https://repos.ecosyste.ms/api/v1/hosts/GitHub/repositories/newton-physics%2Fnewton	audit-resolve: newton github
F0486	2026-09-26T20:25:41Z	200	10689	7574b4530fcf86dcfadab443738a93193847c1e4b7a5030005e35feb4ccca7db	https://repos.ecosyste.ms/api/v1/hosts/GitHub/repositories/google%2Fbrax	audit-resolve: brax github
F0487	2026-09-26T20:25:42Z	200	82110	381edd44c81a395778fd0fed662f857c8011458396ad7dffcf5b352da024ef30	https://pypi.org/pypi/brax/json	audit-resolve: brax pypi
F0488	2026-09-26T20:25:42Z	200	3210	60903fd6cbdc2807591e7f7cdb746eb1e82825db02ee26bba86c13407e504e88	https://repos.ecosyste.ms/api/v1/hosts/GitHub/repositories/mujocolab%2Fmjlab	audit-resolve: mjlab github
F0489	2026-09-26T20:25:43Z	200	36962	13584032705700a9fdd9b5c231fc0a79c0d6b15c08129c072766a042ed6082c6	https://pypi.org/pypi/mjlab/json	audit-resolve: mjlab pypi
F0490	2026-09-26T20:25:43Z	200	3306	b206a7dbc060f840b29d7da58cbcaa66864891f21c60a4df01b49d84a7877443	https://repos.ecosyste.ms/api/v1/hosts/GitHub/repositories/RoboTwin-Platform%2FRoboTwin	audit-resolve: robotwin github
F0491	2026-09-26T20:25:44Z	200	3349	13e14c25ad49a9f5e1ba3702d4305c899d9f5c538aef99b3bdda88fad3c94ca4	https://repos.ecosyste.ms/api/v1/hosts/GitHub/repositories/RoboVerseOrg%2FRoboVerse	audit-resolve: roboverse github
F0492	2026-09-26T20:25:44Z	200	3085	abccf5053354185fa77c2e0a61a560b02814d4be892f1b4a2bcf2053664b82e5	https://repos.ecosyste.ms/api/v1/hosts/GitHub/repositories/NVIDIA%2FIsaac-GR00T	audit-resolve: gr00t github
F0493	2026-09-26T20:25:45Z	200	1716	ea61f737e719fe54cfa1c25e2b333c598ed2306f59d0edc9c08a5dfbd18a8005	https://huggingface.co/api/models/nvidia/GR00T-N1.7-3B	audit-resolve: gr00t huggingface_model
F0494	2026-09-26T20:25:45Z	200	3118	28e14eb2d961693e6f11298968b8bac0b129085e8789e10b3800d3a1f11163ba	https://repos.ecosyste.ms/api/v1/hosts/GitHub/repositories/Physical-Intelligence%2Fopenpi	audit-resolve: pi0 github
F0495	2026-09-26T20:25:46Z	200	1709	cc2cd2ec746114d22f12b366c03a38a9b2c4c1dbe44dc4a8ce7a756a697fefe4	https://huggingface.co/api/models/lerobot/smolvla_base	audit-resolve: smolvla huggingface_model
F0496	2026-09-26T20:25:46Z	200	2559	6d3bc40947d9ac7af85b45e6afda0e888db55fc58e0695c597e5d9c4e201c0fc	https://repos.ecosyste.ms/api/v1/hosts/GitHub/repositories/openvla%2Fopenvla	audit-resolve: openvla github
F0497	2026-09-26T20:25:47Z	200	2277	9f6838a2915763214e0685b57fdd01a283f591d5bbb45b538f519b0836fc28a6	https://huggingface.co/api/models/openvla/openvla-7b	audit-resolve: openvla huggingface_model
F0498	2026-09-26T20:25:47Z	200	2983	2983afd3bd0c63da15cc2dda1c607ead1aa3865860aeccc954641e2a97666839	https://repos.ecosyste.ms/api/v1/hosts/GitHub/repositories/octo-models%2Focto	audit-resolve: octo github
F0499	2026-09-26T20:25:48Z	200	917	8e63698170009e6271f644b3a745a57b55501a1f749d4b37c031b862bbfd70e5	https://huggingface.co/api/models/rail-berkeley/octo-base-1.5	audit-resolve: octo huggingface_model
F0500	2026-09-26T20:25:48Z	200	2975	f0305f40858b8d351dc900b313e89cdd121fc01952e56e1a82c4293ddb433aa0	https://repos.ecosyste.ms/api/v1/hosts/GitHub/repositories/thu-ml%2FRDT2	audit-resolve: rdt github
F0501	2026-09-26T20:25:49Z	200	4287	69f62d9011b811ad4649a17e99cbae1580059df27df840897d6145ca7e687efb	https://huggingface.co/api/models/robotics-diffusion-transformer/RDT2-VQ	audit-resolve: rdt huggingface_model
F0502	2026-09-26T20:25:49Z	200	3200	23da7a9f31737a3975310c4e0f75795482c7bc42cb39c1271d1467652549eaef	https://repos.ecosyste.ms/api/v1/hosts/GitHub/repositories/2toinf%2FX-VLA	audit-resolve: x-vla github
F0503	2026-09-26T20:25:50Z	200	1476	e82637bedf159465bdab9c7b86902e35bcee4419018473ea2c96344edce89458	https://huggingface.co/api/models/2toINF/X-VLA-Pt	audit-resolve: x-vla huggingface_model
F0504	2026-09-26T20:25:50Z	200	3079	28d7354c22c976f46238f3316a60fd19e661045682c0cada19294a2075c85c28	https://repos.ecosyste.ms/api/v1/hosts/GitHub/repositories/open-gigaai%2Fgiga-brain-0	audit-resolve: gigabrain github
F0505	2026-09-26T20:25:51Z	200	1375	6903a1939349a2f1772ddcb8f4b9a8c57a27871f3aa3e9a20f89d95ddc9089a5	https://huggingface.co/api/models/open-gigaai/GigaBrain-0.7-3.5B-Base	audit-resolve: gigabrain huggingface_model
F0506	2026-09-26T20:25:51Z	200	3137	e313697997edc2303eb80566abd1bcd36ee4d9e04e72872eac8348e334059274	https://repos.ecosyste.ms/api/v1/hosts/GitHub/repositories/OpenGalaxea%2FGalaxeaVLA	audit-resolve: galaxea-g0 github
F0507	2026-09-26T20:25:52Z	200	2435	a4a23d9efb596adf737f770a34895e9f72341c50d2edcf2f14f59998e39cac7b	https://huggingface.co/api/models/OpenGalaxea/G05	audit-resolve: galaxea-g0 huggingface_model
F0508	2026-09-26T20:25:53Z	200	2994	ddfd40f25d6d4c8ec69d950b0fd4d953eace1493e159afe12ad06a6a0b15b231	https://repos.ecosyste.ms/api/v1/hosts/GitHub/repositories/Robbyant%2Flingbot-vla	audit-resolve: lingbot-vla github
F0509	2026-09-26T20:25:53Z	200	682	932fb66ddcec144d8656410ccb5f5205a1e1f3703d93ed1f8ef17f63dc1bdc9b	https://huggingface.co/api/models/robbyant/lingbot-vla-4b	audit-resolve: lingbot-vla huggingface_model
F0510	2026-09-26T20:25:54Z	200	3316	14597a90135d07072f1cd279d67c21fc33013823a9f95f416389f6f02c0463ce	https://repos.ecosyste.ms/api/v1/hosts/GitHub/repositories/InternRobotics%2FInternVLA-A-series	audit-resolve: internvla github
F0511	2026-09-26T20:25:54Z	200	1220	3a01d8931c0b44daa6ae9543aebc16d2908cd323bd5468ad6d397975cebeb5b4	https://huggingface.co/api/models/InternRobotics/InternVLA-A1.5-base	audit-resolve: internvla huggingface_model
F0512	2026-09-26T20:25:55Z	200	3209	a5feee2b259c32831f7325e49bbe35f285b45e391654ef157ec96a47d839af5d	https://repos.ecosyste.ms/api/v1/hosts/GitHub/repositories/X-Square-Robot%2Fwall-x	audit-resolve: wall-oss github
F0513	2026-09-26T20:25:55Z	200	4776	63114d2aff910560dcd4f689e6d621f8e15c279eef1b3c1ce17d89d86531084d	https://huggingface.co/api/models/x-square-robot/wall-oss-flow	audit-resolve: wall-oss huggingface_model
F0514	2026-09-26T20:25:56Z	200	3060	ca8d1ef93ed36a9b8af0d4a515f24c0c21d225eb339fb0653e3808fe145e589d	https://repos.ecosyste.ms/api/v1/hosts/GitHub/repositories/allenai%2Fmolmoact	audit-resolve: molmoact github
F0515	2026-09-26T20:25:56Z	200	5367	adf3e395df58f4ffd2875158fd4ed8926483e1a1fc14aed54d9c0d5df16d1fd5	https://huggingface.co/api/models/allenai/MolmoAct2	audit-resolve: molmoact huggingface_model
F0516	2026-09-26T20:25:57Z	200	3280	dc919fbc38f2a3f5a101d07f7f11a2a03e7a4fb56ed9d387b8dba7bb52253e10	https://repos.ecosyste.ms/api/v1/hosts/GitHub/repositories/microsoft%2FCogACT	audit-resolve: cogact github
F0517	2026-09-26T20:25:57Z	200	1014	e0c548d70985692942d5bc5a7ff21db1ff36bb527fdd035c8bc20b5f79f45fa0	https://huggingface.co/api/models/CogACT/CogACT-Base	audit-resolve: cogact huggingface_model
F0518	2026-09-26T20:25:58Z	200	3138	90c56ca68c6db685e7413d1b81dfddf806872f88dcfefa852d6145dc4d96b859	https://repos.ecosyste.ms/api/v1/hosts/GitHub/repositories/SpatialVLA%2FSpatialVLA	audit-resolve: spatialvla github
F0519	2026-09-26T20:25:58Z	200	2579	0b92b9ea3cdfeb677fd7530ec2dd4bbb66a173fbef2078b24c81f5bba01bcf7e	https://huggingface.co/api/models/IPEC-COMMUNITY/spatialvla-4b-224-pt	audit-resolve: spatialvla huggingface_model
F0520	2026-09-26T20:25:59Z	200	3407	b65e588420480ac0bc8aa9bd55705209138650275da9621086b3ba6dec65bd5c	https://repos.ecosyste.ms/api/v1/hosts/GitHub/repositories/OpenDriveLab%2FUniVLA	audit-resolve: univla github
F0521	2026-09-26T20:25:59Z	200	1571	89a83370486c3561bacabf36c2672fb01a983cefc630e2baa47d060e09f26295	https://huggingface.co/api/models/qwbu/univla-7b	audit-resolve: univla huggingface_model
F0522	2026-09-26T20:26:00Z	200	1963	cee5c25450e21d9ca5a1ab7f3da27cce18acb613df3de38c070dc07540bed77c	https://huggingface.co/api/models/agibot-world/GO-1	audit-resolve: go-1 huggingface_model
F0523	2026-09-26T20:26:00Z	200	3199	ac531d19abc540876e303f2e0adf1dd50e1e93acbe759870df6dccce4ac50794	https://repos.ecosyste.ms/api/v1/hosts/GitHub/repositories/alibaba-damo-academy%2FRynnVLA-002	audit-resolve: rynnvla github
F0524	2026-09-26T20:26:01Z	200	1234	21386009c46bbd24d10cc472e749ebf6cc415f5bc67d29fe91ac837bf1a94164	https://huggingface.co/api/models/Alibaba-DAMO-Academy/RynnVLA-001-7B-Base	audit-resolve: rynnvla huggingface_model
F0525	2026-09-26T20:26:02Z	200	3148	8d70fb87293e0640efa940e4055dce504b48938b4db2afaeb7d21a7b60ab51bb	https://repos.ecosyste.ms/api/v1/hosts/GitHub/repositories/XiaomiRobotics%2FXiaomi-Robotics-0	audit-resolve: xiaomi-robotics github
F0526	2026-09-26T20:26:02Z	200	7242	f1c03fd38d9ac49e86d62c63f5b2fdfa62fbaa10592bf9aade2d8fb75dfde725	https://huggingface.co/api/models/XiaomiRobotics/Xiaomi-Robotics-0-Pretrain	audit-resolve: xiaomi-robotics huggingface_model
F0527	2026-09-26T20:26:03Z	200	3066	40efc94c6f2d84db0875529c7de5860afebe3e3a88a0beca8c0c7c8bccc0acc8	https://repos.ecosyste.ms/api/v1/hosts/GitHub/repositories/BeingBeyond%2FBeing-H0	audit-resolve: being-h github
F0528	2026-09-26T20:26:03Z	200	1852	9a0fa07190ef5b8b7ce1d4c22ca4daa383b0749f55dc000c218d419eceae18e8	https://huggingface.co/api/models/BeingBeyond/Being-H05-2B	audit-resolve: being-h huggingface_model
F0529	2026-09-26T20:26:04Z	200	3105	6ef9ab3e46ccf0cbe2df30dbba269c0b8c7867c1a8e155b1cfe46cea094a6051	https://repos.ecosyste.ms/api/v1/hosts/GitHub/repositories/Spirit-AI-Team%2Fspirit-v1.5	audit-resolve: spirit-vla github
F0530	2026-09-26T20:26:04Z	200	709	876d19e449619777095ae604f1207ee35912b637f62af621ed958088602fc1d6	https://huggingface.co/api/models/Spirit-AI-robotics/Spirit-v1.5	audit-resolve: spirit-vla huggingface_model
F0531	2026-09-26T20:26:05Z	200	3175	9271447fc771eb2c7683060eeb630a146276d70a399e1857bded6f1efad75d10	https://repos.ecosyste.ms/api/v1/hosts/GitHub/repositories/Tencent-Hunyuan%2FHy-Embodied-0.5-VLA	audit-resolve: hy-embodied-vla github
F0532	2026-09-26T20:26:05Z	200	7518	2cd5360d947bfbb3338d5c5d28ee57dd160cc9b7334c962f5ffbcf520cc69862	https://huggingface.co/api/models/tencent/Hy-Embodied-0.5-VLA-UMI	audit-resolve: hy-embodied-vla huggingface_model
F0533	2026-09-26T20:26:06Z	200	717	e957ae4b8d6408fc7734aade16b4aaea2400b1b575a5536f03a1e4f1b87a3024	https://huggingface.co/api/models/unitreerobotics/UnifoLM-VLA-Base	audit-resolve: unifolm-vla huggingface_model
F0534	2026-09-26T20:26:06Z	200	3316	da6b6b551917594ce8ad662565fbf2695b4b647a7bff2125a5cabd3a4222513a	https://repos.ecosyste.ms/api/v1/hosts/GitHub/repositories/NVlabs%2Falpamayo	audit-resolve: alpamayo github
F0535	2026-09-26T20:26:07Z	200	1595	472607c65925ed0953b5b666a6c220c5c06602e4a2d23ccf7c3ae3a40800b3e3	https://huggingface.co/api/models/nvidia/Alpamayo-1.5-10B	audit-resolve: alpamayo huggingface_model
F0536	2026-09-26T20:26:07Z	200	4594	cef2b0a8acc78c5613dee35f060e8c43cbc4ce2c130391586cc4acbf7caa5ea9	https://huggingface.co/api/models/IPEC-COMMUNITY/EO-1-3B	audit-resolve: eo-1 huggingface_model
F0537	2026-09-26T20:26:08Z	200	5267	b15335b83780a24079295e4a96b24a93e7367af3864b1485a4cf6d430c7901ad	https://huggingface.co/api/models/declare-lab/nora	audit-resolve: nora huggingface_model
F0538	2026-09-26T20:26:08Z	200	2992	86c0554cac7cfb6e39903904178a37960204d932f14966ff2c73f27b2e1ed070	https://repos.ecosyste.ms/api/v1/hosts/GitHub/repositories/RoboFlamingo%2FRoboFlamingo	audit-resolve: roboflamingo github
F0539	2026-09-26T20:26:09Z	200	2953	298878cbbbbf81b767462b037659f0c73382d12902c333837e5ac047ab342e26	https://repos.ecosyste.ms/api/v1/hosts/GitHub/repositories/ginwind%2FVLA-JEPA	audit-resolve: vla-jepa github
F0540	2026-09-26T20:26:09Z	200	1436	58955c8585c2915c8ada766b335241368be540b3619ba3609fe9fb462bf04bbf	https://huggingface.co/api/models/ginwind/VLA-JEPA	audit-resolve: vla-jepa huggingface_model
F0541	2026-09-26T20:26:10Z	200	36597	6dab30dbb3b481879961c62ffec57dee0b30bebf624612a1296f9f987abafea3	https://deepmind.google/models/gemini-robotics/	audit-resolve: gemini-robotics homepage
F0542	2026-09-26T20:26:10Z	200	3217	85f380f9de3f5e16ac3740497692de10781c0c28066cf29f1cf9f6560020390d	https://repos.ecosyste.ms/api/v1/hosts/GitHub/repositories/google-deepmind%2Fopen_x_embodiment	audit-resolve: open-x-embodiment github
F0543	2026-09-26T20:26:11Z	200	3073	d84ce27b4d5cc09b54e6490aeec9c744d8d6d44d7385c8d4ed062bacc7bb6724	https://repos.ecosyste.ms/api/v1/hosts/GitHub/repositories/droid-dataset%2Fdroid	audit-resolve: droid github
F0544	2026-09-26T20:26:11Z	200	74388	2ca57ba3ca82bb29e2ce18249d1ef4524b7d4356bdc7a856cb0c8177c1607a95	https://huggingface.co/api/datasets/lerobot/droid_1.0.1	audit-resolve: droid huggingface_dataset
F0545	2026-09-26T20:26:12Z	200	330736	2e58424027a77d525efc63a0f054fd418eca4d12d917bf5d9abf9ea52ba7f9a5	https://huggingface.co/api/datasets/x-humanoid-robomind/RoboMIND	audit-resolve: robomind huggingface_dataset
F0546	2026-09-26T20:26:13Z	200	3580	7f9ebb01cbf67e1cc8d69cafeeb26b1d46674e56d7070c9db17e95004ed06c02	https://repos.ecosyste.ms/api/v1/hosts/GitHub/repositories/OpenDriveLab%2FAgiBot-World	audit-resolve: agibot-world github
F0547	2026-09-26T20:26:13Z	200	71117	f5066b2575e83f868f39d028cf0914a4137fd1ecb1bd06af5a54b864f43a8d56	https://huggingface.co/api/datasets/agibot-world/AgiBotWorld-Beta	audit-resolve: agibot-world huggingface_dataset
F0548	2026-09-26T20:26:14Z	200	10100612	1abb1a018993b8b576b8df2dbb2ac6a2e86ffec77236945a1bc4fa4423973c19	https://huggingface.co/api/datasets/nvidia/PhysicalAI-Robotics-GR00T-X-Embodiment-Sim	audit-resolve: nvidia-physical-ai-dataset huggingface_dataset [truncated-to-300KB]
F0549	2026-09-26T20:26:14Z	200	11882172	7ae693c9549b92af59f49a3b6b7afe649fac9c6e0784243d76a26babe2faba4c	https://huggingface.co/api/datasets/InternRobotics/InternData-A1	audit-resolve: interndata-a1 huggingface_dataset [truncated-to-300KB]
F0550	2026-09-26T20:26:15Z	200	3138	6bf64713e4dc637388e4a1d028ef0623a4603faf92e13113d21a10d5c70874a0	https://repos.ecosyste.ms/api/v1/hosts/GitHub/repositories/TheRobotStudio%2FSO-ARM100	audit-resolve: so-101 github
F0551	2026-09-26T20:26:16Z	200	2979	989042cbada9234927340ccddd73b535b98d7ed85814e36b78daa30576fd4244	https://repos.ecosyste.ms/api/v1/hosts/GitHub/repositories/jess-moss%2Fkoch-v1-1	audit-resolve: koch-v1-1 github
F0552	2026-09-26T20:26:16Z	200	3241	669c734d8b55069b0b1acdd28048eb347bbcf605e668c59518a87abbe88fe424	https://repos.ecosyste.ms/api/v1/hosts/GitHub/repositories/pollen-robotics%2Freachy_mini	audit-resolve: reachy-mini github
F0553	2026-09-26T20:26:17Z	200	2775	1544d7c9f2e0008d7b0571e9dcf66136141b2eb21ef40dda644934746301f586	https://repos.ecosyste.ms/api/v1/hosts/GitHub/repositories/tonyzhaozh%2Faloha	audit-resolve: aloha github
F0554	2026-09-26T20:26:17Z	200	43533	5b1c3d578db73667caf91b904042ac46a9c39ad6fd0fbd3a98cee79ce549cdd6	https://export.arxiv.org/abs/2405.02292	audit-resolve: aloha-2 arxiv
F0555	2026-09-26T20:26:18Z	200	17952	6cde5a88114ed151d516aaa463501dd9044cbdc468c6dc1a1fb30910415042b5	https://aloha-2.github.io/	audit-resolve: aloha-2 homepage
F0556	2026-09-26T20:26:18Z	200	3303	50d1aa547cd3d97ea858acc2a0a50ab2bfa0abfef83030231deb2c58c1bcf059	https://repos.ecosyste.ms/api/v1/hosts/GitHub/repositories/HybridRobotics%2Fberkeley-humanoid-lite	audit-resolve: berkeley-humanoid-lite github
F0557	2026-09-26T20:26:19Z	200	3002	b25d16782641029deda68115f3a32cef81a4141719c36cc7f2ee60938346e3f4	https://repos.ecosyste.ms/api/v1/hosts/GitHub/repositories/SIGRobotics-UIUC%2FLeKiwi	audit-resolve: lekiwi github
F0558	2026-09-26T20:26:19Z	200	3423	08e0c5f88d372db26aba5158f691bb87d0506f5936c45efede8d5b7f095015bb	https://repos.ecosyste.ms/api/v1/hosts/GitHub/repositories/enactic%2Fopenarm	audit-resolve: openarm github
F0559	2026-09-26T20:26:20Z	200	3202	91a63b1a1c22c2eeb18de15aced7a6a1a3958d6e625b487a62771bb43cb2a3e2	https://repos.ecosyste.ms/api/v1/hosts/GitHub/repositories/NVIDIA%2Fcosmos	audit-resolve: cosmos github
F0560	2026-09-26T20:26:21Z	200	16184	2713f9698662764a22fc296047921bf668656ae7caa45f7a75c32beab86523fe	https://huggingface.co/api/models/nvidia/Cosmos3-Nano	audit-resolve: cosmos huggingface_model
F0561	2026-09-26T20:26:21Z	200	3140	49ca7db9a4048bee265bd0d4f0f6228ed4d183c864adf341ceb6dd666862bcbe	https://repos.ecosyste.ms/api/v1/hosts/GitHub/repositories/facebookresearch%2Fvjepa2	audit-resolve: v-jepa github
F0562	2026-09-26T20:26:22Z	200	1865	a5ff2ec54e108ad94d99062541dd8f4bfb604742afe8514241c62de6776bc10e	https://huggingface.co/api/models/facebook/vjepa2-vitg-fpc64-256	audit-resolve: v-jepa huggingface_model
F0563	2026-09-26T20:26:22Z	200	3315	8bc363ca8a5b7a7b5d682c943da7939187b372301398baf1ee29c47b11743e71	https://repos.ecosyste.ms/api/v1/hosts/GitHub/repositories/Tencent-Hunyuan%2FHY-World-2.0	audit-resolve: hy-world github
F0564	2026-09-26T20:26:23Z	200	5357	63e0ee923d5576756759c344954e0941fd425a3130809e074be42cd30a1b6687	https://huggingface.co/api/models/tencent/HY-World-2.0	audit-resolve: hy-world huggingface_model
F0565	2026-09-26T20:26:23Z	200	3194	801db5fae9f40bcb71e8507c64d5409c16520b578743b402607a68db523ca844	https://repos.ecosyste.ms/api/v1/hosts/GitHub/repositories/Tencent-Hunyuan%2FHunyuan-GameCraft-1.0	audit-resolve: hunyuan-gamecraft github
F0566	2026-09-26T20:26:24Z	200	3489	07aa0b424b740363adf90943f087274eaba3a2d2d8299f20c5e85caa5fbf1ae2	https://huggingface.co/api/models/tencent/Hunyuan-GameCraft-1.0	audit-resolve: hunyuan-gamecraft huggingface_model
F0567	2026-09-26T20:26:24Z	200	3216	a564f0a55332b3b8de614d47c23792ab04a2aa621a932b270ec650f815b9df97	https://repos.ecosyste.ms/api/v1/hosts/GitHub/repositories/SkyworkAI%2FMatrix-Game	audit-resolve: matrix-game github
F0568	2026-09-26T20:26:25Z	200	1595	8f1ee24811afaa96b04c89cdf824f9cfcf4b9e0a618cc546d141142ce41f945a	https://huggingface.co/api/models/Skywork/Matrix-Game-3.0	audit-resolve: matrix-game huggingface_model
F0569	2026-09-26T20:26:25Z	200	3119	f904623f52c1a134f710b1fbecab54fdd22d285c28124b818ccab005aef6d409	https://repos.ecosyste.ms/api/v1/hosts/GitHub/repositories/Robbyant%2Flingbot-world	audit-resolve: lingbot-world github
F0570	2026-09-26T20:26:26Z	200	1812	4110ecbb4839bca7aa7a74b6796a374dc2a0c547cb79f36af2721bd24cd5616c	https://huggingface.co/api/models/robbyant/lingbot-world-fast	audit-resolve: lingbot-world huggingface_model
F0571	2026-09-26T20:26:26Z	200	2897	bd1a6da541329a81d70283e5b2e760e73895af60c24c8e9448e98cd20dc41e7f	https://repos.ecosyste.ms/api/v1/hosts/GitHub/repositories/etched-ai%2Fopen-oasis	audit-resolve: oasis github
F0572	2026-09-26T20:26:27Z	200	823	8e2e230e86135940db5b9bba9f5fb045b2e40eb90cac65dcb96c5173ac7bb4ae	https://huggingface.co/api/models/Etched/oasis-500m	audit-resolve: oasis huggingface_model
F0573	2026-09-26T20:26:27Z	200	3185	5364145d822600340cff2a68e3e6ae6623fa111ed92c2d0e1a44836aeba2e7fb	https://repos.ecosyste.ms/api/v1/hosts/GitHub/repositories/eloialonso%2Fdiamond	audit-resolve: diamond github
F0574	2026-09-26T20:26:28Z	200	3584	1a1c2c3651251bf5361ee91eb8cf4e87324693da4198a0ac3e6112fe1480129c	https://huggingface.co/api/models/eloialonso/diamond	audit-resolve: diamond huggingface_model
F0575	2026-09-26T20:26:29Z	200	3012	39f3968256144eba5979ba751fb0349c97dfc9afbef7efabeb9e2995a4e7b78a	https://repos.ecosyste.ms/api/v1/hosts/GitHub/repositories/stdstu12%2FYUME	audit-resolve: yume github
F0576	2026-09-26T20:26:29Z	200	1992	e095ad4f29f92489ea3ab681e7b45e69e1300444ff2c426329293147cb7ac876	https://huggingface.co/api/models/stdstu123/Yume-I2V-540P	audit-resolve: yume huggingface_model
F0577	2026-09-26T20:26:30Z	200	3397	1e708fb15f629699270a905599547bf23149d96855963334ec1796c003b08762	https://repos.ecosyste.ms/api/v1/hosts/GitHub/repositories/InternRobotics%2FAether	audit-resolve: aether github
F0578	2026-09-26T20:26:30Z	200	1168	068f29cb494b765ac02435cacb2fd6f49e5acc6f602a140833b48e6fd976a721	https://huggingface.co/api/models/AetherWorldModel/AetherV1	audit-resolve: aether huggingface_model
F0579	2026-09-26T20:26:31Z	200	3169	8ff72bed3ab8668db4b54bfc4ba162671710bc1ae45e53c476b19983a5c383c0	https://repos.ecosyste.ms/api/v1/hosts/GitHub/repositories/AgibotTech%2FGenie-Envisioner-V1	audit-resolve: genie-envisioner github
F0580	2026-09-26T20:26:31Z	200	629	2e8e1be9ccc64afc6a8514810203603da09fb5ec867b1397073f895c5d16457b	https://huggingface.co/api/models/agibot-world/Genie-Envisioner-v1.0	audit-resolve: genie-envisioner huggingface_model
F0581	2026-09-26T20:26:32Z	200	3240	3d97240cd77907751e9e426bb00f6e57b09023ae6b2271b5ed02533a317d71ee	https://repos.ecosyste.ms/api/v1/hosts/GitHub/repositories/unitreerobotics%2Funifolm-world-model-action	audit-resolve: unifolm-wma github
F0582	2026-09-26T20:26:32Z	200	901	2d189176e170dd50db0c1f79a7e595facb0519d39f8965babf01538772a2c0e5	https://huggingface.co/api/models/unitreerobotics/UnifoLM-WMA-0-Base	audit-resolve: unifolm-wma huggingface_model
F0583	2026-09-26T20:26:33Z	200	3055	1b0aeeb4a4c8cca8a4ea3a231fc18d9d8c154f4d45cd5118eca8bab51f184ac5	https://repos.ecosyste.ms/api/v1/hosts/GitHub/repositories/open-gigaai%2Fgiga-world-0	audit-resolve: gigaworld github
F0584	2026-09-26T20:26:33Z	200	925	c2c574c976c6830d69a02e8b294c9c00decd27b24f3557093edaedb8353e1d79	https://huggingface.co/api/models/open-gigaai/GigaWorld-0-Video-Pretrain-2b	audit-resolve: gigaworld huggingface_model
F0585	2026-09-26T20:26:34Z	200	3072	e500479347f6bb841108befb81fdda354e9aa1f48249514997033be0967655a3	https://repos.ecosyste.ms/api/v1/hosts/GitHub/repositories/Robert-gyj%2FCtrl-World	audit-resolve: ctrl-world github
F0586	2026-09-26T20:26:34Z	200	1028	37c27475cc37468f9108b1a083a85b6e2bb6bba669e6acd6543fe64897b90d3b	https://huggingface.co/api/models/yjguo/Ctrl-World	audit-resolve: ctrl-world huggingface_model
F0587	2026-09-26T20:26:35Z	200	3314	e47fe6c108271764313d06c3957434ce300a2da1df301c6a88afd17099ecd05e	https://repos.ecosyste.ms/api/v1/hosts/GitHub/repositories/boundless-large-model%2Fboundless-world-model	audit-resolve: boundless-world-model github
F0588	2026-09-26T20:26:35Z	200	1057	bdd30857a8c927dd612de5d9dccce29c741348662794151bbdedecd7badd75ce	https://huggingface.co/api/models/BLM-Lab/Boundless-World-Model	audit-resolve: boundless-world-model huggingface_model
F0589	2026-09-26T20:26:36Z	200	3239	a1007914f6223111f69b6b7c7bc48d0cf743be5d09493d852d67feb91b49e118	https://repos.ecosyste.ms/api/v1/hosts/GitHub/repositories/danijar%2Fdreamerv3	audit-resolve: dreamer github
F0590	2026-09-26T20:26:36Z	200	3199	9eb828782937fb1c382f377f4694165375bbb73e0d4d3c91240a09eab4b2a03c	https://repos.ecosyste.ms/api/v1/hosts/GitHub/repositories/nicklashansen%2Ftdmpc2	audit-resolve: td-mpc github
F0591	2026-09-26T20:26:37Z	200	3200	8988a292c2d21ccb859e6b0d27201e100b46d5afbb9f3a9ef9a434d3885ba1ed	https://repos.ecosyste.ms/api/v1/hosts/GitHub/repositories/alibaba-damo-academy%2FRynnWorld-4D	audit-resolve: rynnworld github
F0592	2026-09-26T20:26:37Z	200	1198	e813809c56cfbe1cabc64153e2773c4accf8b47b93b80415994929ea23a46526	https://huggingface.co/api/models/Alibaba-DAMO-Academy/RynnWorld-Teleop	audit-resolve: rynnworld huggingface_model
F0593	2026-09-26T20:26:38Z	200	3068	2eacf039555652c59270cae49858458214ea2daaf68d795e288b6ebe00d65b6d	https://repos.ecosyste.ms/api/v1/hosts/GitHub/repositories/AMAP-ML%2FDreamX-World	audit-resolve: dreamx-world github
F0594	2026-09-26T20:26:38Z	200	1379	4827c04ecbd1989a3806a8639acc93dd49101e682ef5a27f3fbad830d4f79e94	https://huggingface.co/api/models/GD-ML/DreamX-World-5B	audit-resolve: dreamx-world huggingface_model
F0595	2026-09-26T20:26:39Z	200	54835	587a0ccfa3dcd3051149421bb9847d159bb8cb6304e4dc5ef5706912e6856f68	https://deepmind.google/models/genie/	audit-resolve: genie homepage
F0596	2026-09-26T20:26:40Z	200	585736	fb7bd9423134f31a8628ee71d3faf16685e532d2b5778a1432f0ecc58a6548de	https://runway.com/research/introducing-runway-gwm-1	audit-resolve: runway-gwm homepage
F0597	2026-09-26T20:29:15Z	200	150	36d0af78c1789f23b3b8404991c0c57adbbc544f75e8cbbdee0084d1e4fa86f1	https://huggingface.co/api/models/ginwind/VLA-JEPA?expand[]=downloads&expand[]=cardData&expand[]=lastModified	audit: vla-jepa HF downloads/license
F0598	2026-09-26T20:33:54Z	406	0	e3b0c44298fc1c149afbf4c8996fb92427ae41e4649b934ca495991b7852b855	https://export.arxiv.org/abs/2608.13489	arxiv DreamX-Phi
