id	fetched_at_utc	http	bytes	sha256	url	label
F0001	2026-09-26T20:00:54Z	200	18282	60bb4c5bcce1ce90f2dc40bf7ca049fe78d7162bf10e44d9d2499797fcb0a3ac	https://huggingface.co/api/models?pipeline_tag=image-classification&sort=downloads&limit=40	HF top40 by downloads: image-classification
F0002	2026-09-26T20:00:54Z	200	18344	227a514f534f732de894a584a847683a98109294bbabb0cd8e14fc2209c90936	https://huggingface.co/api/models?pipeline_tag=object-detection&sort=downloads&limit=40	HF top40 by downloads: object-detection
F0003	2026-09-26T20:00:54Z	200	19553	436bcc7b376c2cb94f1b8fd577963db167a91efaf26f712f0b3cf0477048a974	https://huggingface.co/api/models?pipeline_tag=image-segmentation&sort=downloads&limit=40	HF top40 by downloads: image-segmentation
F0004	2026-09-26T20:00:55Z	200	16396	6a5d874a87fac8b4a23276275723e6b3f5d8318f782bd020d959b0feeb12315d	https://huggingface.co/api/models?pipeline_tag=mask-generation&sort=downloads&limit=40	HF top40 by downloads: mask-generation
F0005	2026-09-26T20:00:55Z	200	17694	0e2914d2a0d5752caa19a07b872bdcfa289a44fbf14f30af3121eab3eeb4e2c7	https://huggingface.co/api/models?pipeline_tag=depth-estimation&sort=downloads&limit=40	HF top40 by downloads: depth-estimation
F0006	2026-09-26T20:00:55Z	200	18539	739f3b497e834ab3a2fc478a7d4a9834371f36be7835ce36413ebf6356cce77a	https://huggingface.co/api/models?pipeline_tag=image-feature-extraction&sort=downloads&limit=40	HF top40 by downloads: image-feature-extraction
F0007	2026-09-26T20:00:56Z	200	16722	75812fa62b86a5d390f8b0c08aae459e5dfa8b5716fba7b246ead82ef0576b11	https://huggingface.co/api/models?pipeline_tag=tabular-classification&sort=downloads&limit=40	HF top40 by downloads: tabular-classification
F0008	2026-09-26T20:02:21Z	200	320907	30db0ef07631afd20182558b382914fd39d17b1b94d98ad49586a03ec8b13680	https://pypi.org/pypi/xgboost/json	pypi json xgboost (xgboost)
F0009	2026-09-26T20:02:22Z	200	130911	f3a2713f8a657024b26cd4f372d5ab16868784b2e6a1d29f8d79e3365a4c1ffb	https://packages.ecosyste.ms/api/v1/registries/pypi.org/packages/scikit-learn	ecosystems pypi downloads scikit-learn (scikit-learn)
F0010	2026-09-26T20:02:21Z	200	1422150	e1ebf2562d1e4ff6986211958807e7d555f0ac9e59cc317d477e323589cf5ba8	https://pypi.org/pypi/scikit-learn/json	pypi json scikit-learn (scikit-learn) [truncated-to-300KB]
F0011	2026-09-26T20:02:22Z	200	31180	f124e3bdefc2b16939bc02c5dc3094d50ca650eac9f256bb6c01aadf778b1b9c	https://repos.ecosyste.ms/api/v1/hosts/GitHub/repositories/dmlc%2Fxgboost	ecosystems repo dmlc/xgboost (xgboost)
F0012	2026-09-26T20:02:22Z	200	9421	849d793f03a60dea24f181361eec97297aff40733077929af6fdcd86008b0b48	https://repos.ecosyste.ms/api/v1/hosts/GitHub/repositories/scikit-learn%2Fscikit-learn	ecosystems repo scikit-learn/scikit-learn (scikit-learn)
F0013	2026-09-26T20:02:22Z	200	83284	fb4714fc0b5aacbbc18bed300b474497fdf0b93f532ef943b20607796ba1a382	https://packages.ecosyste.ms/api/v1/registries/pypi.org/packages/xgboost	ecosystems pypi downloads xgboost (xgboost)
F0014	2026-09-26T20:02:22Z	404	32	648584acecbc9e40f39145d268a9fb68964f2fac8774773bea29a23e3c741261	https://repos.ecosyste.ms/api/v1/hosts/GitHub/repositories/microsoft%2FLightGBM	ecosystems repo microsoft/LightGBM (lightgbm)
F0015	2026-09-26T20:02:22Z	200	168631	c19ab80c42702ceb1f0fe679ec2de5823869a2db9c4fdd8492ab3d2dcc920188	https://pypi.org/pypi/lightgbm/json	pypi json lightgbm (lightgbm)
F0016	2026-09-26T20:02:22Z	200	51756	de9bb515763416336a12d714f5f43818257d865ecd8c2b089399645cc4994dcd	https://packages.ecosyste.ms/api/v1/registries/pypi.org/packages/lightgbm	ecosystems pypi downloads lightgbm (lightgbm)
F0017	2026-09-26T20:02:23Z	200	31638	c0af39a72e53f0b0b24d010db3a776595e2f687dffdfbb58d03bf01554c2d696	https://repos.ecosyste.ms/api/v1/hosts/GitHub/repositories/catboost%2Fcatboost	ecosystems repo catboost/catboost (catboost)
F0018	2026-09-26T20:02:22Z	200	1202459	c6151458ed5983a6f240cf774bde188c6077c63315b0d852b7b27f6f74c87469	https://pypi.org/pypi/catboost/json	pypi json catboost (catboost) [truncated-to-300KB]
F0019	2026-09-26T20:02:22Z	200	97459	eb51d517a7eef5fc19cecec9fe0b0ad6743d41a3be0c06578b344232c3845c46	https://packages.ecosyste.ms/api/v1/registries/pypi.org/packages/catboost	ecosystems pypi downloads catboost (catboost)
F0020	2026-09-26T20:02:22Z	200	15333	8036aa4b0c20f0173cd315baba08052fd7d4e63cbcb89a4442c0fbaa4603979d	https://repos.ecosyste.ms/api/v1/hosts/GitHub/repositories/statsmodels%2Fstatsmodels	ecosystems repo statsmodels/statsmodels (statsmodels)
F0021	2026-09-26T20:02:22Z	200	748391	0551920642f254d22d41e5671db7df6b3c7ee4ff2385490d552b12769ab44aa2	https://pypi.org/pypi/statsmodels/json	pypi json statsmodels (statsmodels)
F0022	2026-09-26T20:02:23Z	200	59957	6299da3f084254a05f46c3f9ef120ee02554aa491b4c5d49b9bb18360b552b4e	https://packages.ecosyste.ms/api/v1/registries/pypi.org/packages/statsmodels	ecosystems pypi downloads statsmodels (statsmodels)
F0023	2026-09-26T20:02:23Z	200	12028	7be51261dc983535403a0bf4629e7d5cfd4c12e4680f58143f2b9a5b33091402	https://repos.ecosyste.ms/api/v1/hosts/GitHub/repositories/scikit-learn-contrib%2Fimbalanced-learn	ecosystems repo scikit-learn-contrib/imbalanced-learn (imbalanced-learn)
F0024	2026-09-26T20:02:22Z	200	72685	1d5178e741cb26ea4b355e605086c8dc2c0d1fd3cd72b47c637df1186cb5a49a	https://pypi.org/pypi/imbalanced-learn/json	pypi json imbalanced-learn (imbalanced-learn)
F0025	2026-09-26T20:02:23Z	200	46960	413295cdae6d6781fcc84a15ef4feb44a1e7b8179958cef0d5e861ebd87790e8	https://packages.ecosyste.ms/api/v1/registries/pypi.org/packages/imbalanced-learn	ecosystems pypi downloads imbalanced-learn (imbalanced-learn)
F0026	2026-09-26T20:02:23Z	200	13230	f5ca0fffd379da3a7e5fab64b8fe038a13eb5ea4da050eb670ba7668c1a3c925	https://repos.ecosyste.ms/api/v1/hosts/GitHub/repositories/yzhao062%2Fpyod	ecosystems repo yzhao062/pyod (pyod)
F0027	2026-09-26T20:02:23Z	200	164274	74cfa1f3aae168c0125061014fdf9434a338112d82b9736d57fffefd8a6fb3c3	https://pypi.org/pypi/pyod/json	pypi json pyod (pyod)
F0028	2026-09-26T20:02:23Z	200	57283	7269c7d33d3a8f291f3b1e79c2464a5eda786ab86958daf779a89c1a6c06fac2	https://packages.ecosyste.ms/api/v1/registries/pypi.org/packages/pyod	ecosystems pypi downloads pyod (pyod)
F0029	2026-09-26T20:02:23Z	200	14356	659cd2e8056d286520de23b34dce63d48ff985f9d2f34e5ea511fc5fc0ddcf22	https://repos.ecosyste.ms/api/v1/hosts/GitHub/repositories/lmcinnes%2Fumap	ecosystems repo lmcinnes/umap (umap)
F0030	2026-09-26T20:02:23Z	200	64296	12ceaaaf55db771da6b991c5cfbb94803f568c557fe7fdb48b69a33d16a6f5bc	https://pypi.org/pypi/umap-learn/json	pypi json umap-learn (umap)
F0031	2026-09-26T20:02:23Z	200	44910	0a80c8b543f46541550286601f2635a9294698ed86576826d4272793202a0ee0	https://packages.ecosyste.ms/api/v1/registries/pypi.org/packages/umap-learn	ecosystems pypi downloads umap-learn (umap)
F0032	2026-09-26T20:02:23Z	200	12843	bca16766c55b01ef30094311c3c88005e4648b92fb22cf455d0f53871e3f316e	https://repos.ecosyste.ms/api/v1/hosts/GitHub/repositories/scikit-learn-contrib%2Fhdbscan	ecosystems repo scikit-learn-contrib/hdbscan (hdbscan)
F0033	2026-09-26T20:02:23Z	200	209622	f27d34ecf989c2882eb2548f3e025b5f158c669225316dd6b3f5b95f93db0a8b	https://pypi.org/pypi/hdbscan/json	pypi json hdbscan (hdbscan)
F0034	2026-09-26T20:02:23Z	200	58816	6beb233e797a25cd662878026c6f3842f0a71490f66615686db21224ba06ad9c	https://packages.ecosyste.ms/api/v1/registries/pypi.org/packages/hdbscan	ecosystems pypi downloads hdbscan (hdbscan)
F0035	2026-09-26T20:02:23Z	404	32	648584acecbc9e40f39145d268a9fb68964f2fac8774773bea29a23e3c741261	https://repos.ecosyste.ms/api/v1/hosts/GitHub/repositories/rapidsai%2Fcuml	ecosystems repo rapidsai/cuml (cuml)
F0036	2026-09-26T20:02:23Z	200	47086	1854c2c2e9a70793ca33064e84eb3b87f8d6c148da6366dd550a8b9614bcf80a	https://pypi.org/pypi/cuml-cu12/json	pypi json cuml-cu12 (cuml)
F0037	2026-09-26T20:02:24Z	200	25895	eec8b79ce7de12e2c5d3dd3c0e6a90facd370a960ce5837fac532bb16685b322	https://packages.ecosyste.ms/api/v1/registries/pypi.org/packages/cuml-cu12	ecosystems pypi downloads cuml-cu12 (cuml)
F0038	2026-09-26T20:02:24Z	200	15371	f411ff7dc4a426c69109051b7fa93da7312ceec8ad6e7f92d79188600e832ec9	https://repos.ecosyste.ms/api/v1/hosts/GitHub/repositories/online-ml%2Friver	ecosystems repo online-ml/river (river)
F0039	2026-09-26T20:02:23Z	200	782850	60152cd6cc600c91e2f770ab3a3ec1f637b3865b53f84d10cc6ce23baf0c304c	https://pypi.org/pypi/river/json	pypi json river (river)
F0040	2026-09-26T20:02:24Z	200	45777	bb95bc11af8e124b75b7922653558b0796b3fc33086155e9e6ab71cecf1eb5b3	https://packages.ecosyste.ms/api/v1/registries/pypi.org/packages/river	ecosystems pypi downloads river (river)
F0041	2026-09-26T20:02:24Z	200	3448	dff411c880e610efaa3f0ac57b8e4be4f047241e8b5e2006feb8d567a9c04b0e	https://repos.ecosyste.ms/api/v1/hosts/GitHub/repositories/skrub-data%2Fskrub	ecosystems repo skrub-data/skrub (skrub)
F0042	2026-09-26T20:02:23Z	200	40064	1ede426f74955d7f2620c025f5baff0ebe77937c959c31797b9ded2a1633d654	https://pypi.org/pypi/skrub/json	pypi json skrub (skrub)
F0043	2026-09-26T20:02:24Z	200	36584	d06dfaeecb47c0615ae2d9ec2373db65eecbbe79a3651ebd4d762d1d8fe43825	https://packages.ecosyste.ms/api/v1/registries/pypi.org/packages/skrub	ecosystems pypi downloads skrub (skrub)
F0044	2026-09-26T20:02:24Z	200	13939	ef13adb6eed2763a5c16ffc82cc389a29da086833c43c3b1019adddefd6f7227	https://repos.ecosyste.ms/api/v1/hosts/GitHub/repositories/mlpack%2Fmlpack	ecosystems repo mlpack/mlpack (mlpack)
F0045	2026-09-26T20:02:24Z	200	549582	06f54158f94cf902506cf1d08cb32dcdd390ed0aead19d63f127704b48e72045	https://pypi.org/pypi/mlpack/json	pypi json mlpack (mlpack)
F0046	2026-09-26T20:02:24Z	200	53647	018ae042ff5ba7ebc090afc21bf1418e909eeea9deaacfd0cadfc4e928bfe683	https://packages.ecosyste.ms/api/v1/registries/pypi.org/packages/mlpack	ecosystems pypi downloads mlpack (mlpack)
F0047	2026-09-26T20:02:24Z	200	17062	16022cadf4bb26606fb87c8fa8ed2877caf968c4963121ade563efc60b4e92eb	https://repos.ecosyste.ms/api/v1/hosts/GitHub/repositories/h2oai%2Fh2o-3	ecosystems repo h2oai/h2o-3 (h2o-3)
F0048	2026-09-26T20:02:24Z	200	95518	bdecc01f1856b847d4b2738694a18dc8b4b9017a617de8a67a2f55e6554839ed	https://pypi.org/pypi/h2o/json	pypi json h2o (h2o-3)
F0049	2026-09-26T20:02:24Z	200	699865	fabfb4d52a2ccd72043943d4f882387726c0d1c09c44c1c215ed062ae4063935	https://packages.ecosyste.ms/api/v1/registries/pypi.org/packages/h2o	ecosystems pypi downloads h2o (h2o-3)
F0050	2026-09-26T20:02:24Z	200	21925	58e0e8580bd867d9dfcd0333b0de26d9fc25b26edf9f98a2a9071a10d3fef18d	https://repos.ecosyste.ms/api/v1/hosts/GitHub/repositories/explosion%2FspaCy	ecosystems repo explosion/spaCy (spacy)
F0051	2026-09-26T20:02:24Z	200	1955310	8b646bae1c0171b9722317304872c7b421bc90265ec62943ff017028e766ca2f	https://pypi.org/pypi/spacy/json	pypi json spacy (spacy) [truncated-to-300KB]
F0052	2026-09-26T20:02:24Z	200	141593	bfa074169ea0ffe2509cafbae7769586d13d3d80cd0aeb18773b6f5e80b0f362	https://packages.ecosyste.ms/api/v1/registries/pypi.org/packages/spacy	ecosystems pypi downloads spacy (spacy)
F0053	2026-09-26T20:02:24Z	200	13340	dbb78f85a02dc3adf1b7f9262a144d6564f2e985af42089f2a251bfb29bead95	https://repos.ecosyste.ms/api/v1/hosts/GitHub/repositories/nltk%2Fnltk	ecosystems repo nltk/nltk (nltk)
F0054	2026-09-26T20:02:24Z	200	103290	bcb887db94e1c4fe5eb120e7125ac9da760b3c07f4d8c8065079373fec07db3c	https://pypi.org/pypi/nltk/json	pypi json nltk (nltk)
F0055	2026-09-26T20:02:24Z	200	353985	a376e65e2379392f1fcbd489877631d78b9c54f5ffbf97afc00f9d8265dbb7c2	https://packages.ecosyste.ms/api/v1/registries/pypi.org/packages/nltk	ecosystems pypi downloads nltk (nltk)
F0056	2026-09-26T20:02:25Z	200	3702	29b37fe6213e468ae54f6f8d96addcd0be644a4948127bbaaa717502d52d5d06	https://repos.ecosyste.ms/api/v1/hosts/GitHub/repositories/piskvorky%2Fgensim	ecosystems repo piskvorky/gensim (gensim)
F0057	2026-09-26T20:02:24Z	200	641988	ca593a30c052a67674676a7268311961f7db2b151d2f98c2b0e5360bc0b0180e	https://pypi.org/pypi/gensim/json	pypi json gensim (gensim)
F0058	2026-09-26T20:02:25Z	200	53947	31b5a3b4fdacd8a1f122b2b52627de49fcf8bcb06ff1dbd2be5e2fef5d1bde7d	https://packages.ecosyste.ms/api/v1/registries/pypi.org/packages/gensim	ecosystems pypi downloads gensim (gensim)
F0059	2026-09-26T20:02:24Z	200	10036	0b2753e661861df3d1af517bbad68558b02fc4009033850ca935119da21dadd9	https://repos.ecosyste.ms/api/v1/hosts/GitHub/repositories/stanfordnlp%2Fstanza	ecosystems repo stanfordnlp/stanza (stanza)
F0060	2026-09-26T20:02:24Z	200	66906	40a406edb4f1a0a0642bf946677411d80edd3503e66b8bf7b9ac31f52962e770	https://pypi.org/pypi/stanza/json	pypi json stanza (stanza)
F0061	2026-09-26T20:02:25Z	200	46000	a0eae01e394a102e8c0a69281f842a8f8bfed31e1bd629f8e56f3828b6367890	https://packages.ecosyste.ms/api/v1/registries/pypi.org/packages/stanza	ecosystems pypi downloads stanza (stanza)
F0062	2026-09-26T20:02:25Z	200	14382	040d3b091e65572e6b1a3ffadbdbbdd005a096d69d55b28d487fbdf93f18937d	https://repos.ecosyste.ms/api/v1/hosts/GitHub/repositories/flairNLP%2Fflair	ecosystems repo flairNLP/flair (flair)
F0063	2026-09-26T20:02:24Z	200	61179	94681437d6a14cc6eae732b26092905aca9e3de267bf5b7f4f8132799fd1c6bd	https://pypi.org/pypi/flair/json	pypi json flair (flair)
F0064	2026-09-26T20:02:25Z	200	40625	3f08485c22b6845070353b5c04013a24bbd9a5e92708b0633bdd3ed7ab9587e5	https://packages.ecosyste.ms/api/v1/registries/pypi.org/packages/flair	ecosystems pypi downloads flair (flair)
F0065	2026-09-26T20:02:25Z	200	9074	af5f822fdf5281a0784b33cb471a912dca8a95f7cadf27c5b76922db5dfc1744	https://repos.ecosyste.ms/api/v1/hosts/GitHub/repositories/facebookresearch%2FfastText	ecosystems repo facebookresearch/fastText (fasttext)
F0066	2026-09-26T20:02:25Z	200	47712	2e2102c1c5c72ca1d44e54efe90bc42f937599bbb9804a3ed97078b0f9e829fc	https://pypi.org/pypi/fasttext/json	pypi json fasttext (fasttext)
F0067	2026-09-26T20:02:25Z	200	17866	943486affe451b8461f74a1217f547f337481bf8f14e13348087d8c124850dfd	https://packages.ecosyste.ms/api/v1/registries/pypi.org/packages/fasttext	ecosystems pypi downloads fasttext (fasttext)
F0068	2026-09-26T20:02:25Z	200	13404	718d12412761fc93d97a6b2f103ff0d4e08450b378f005e3e429e3fa420f35a4	https://repos.ecosyste.ms/api/v1/hosts/GitHub/repositories/stanfordnlp%2FCoreNLP	ecosystems repo stanfordnlp/CoreNLP (corenlp)
F0069	2026-09-26T20:02:25Z	200	12373	2bacb311792ca170a4585ed34cf055106455af846c6bd86e102697e978268dc4	https://repos.ecosyste.ms/api/v1/hosts/GitHub/repositories/sloria%2FTextBlob	ecosystems repo sloria/TextBlob (textblob)
F0070	2026-09-26T20:02:25Z	200	85473	e70b395e0171f184564105527e359c666fd51b5a6916f6468ba8d10c581291f5	https://pypi.org/pypi/textblob/json	pypi json textblob (textblob)
F0071	2026-09-26T20:02:25Z	200	42840	3943cdbcc3be0e7811c0d4b190729ab11e87fc8fc3cb90e7f7eb59c5d2a12cd8	https://packages.ecosyste.ms/api/v1/registries/pypi.org/packages/textblob	ecosystems pypi downloads textblob (textblob)
F0072	2026-09-26T20:02:25Z	200	45822	8cfebdfdf323fd8a7acfc7cd171dd6bdba21aefc6a15c661cc4e11528148b529	https://repos.ecosyste.ms/api/v1/hosts/GitHub/repositories/opencv%2Fopencv	ecosystems repo opencv/opencv (opencv)
F0073	2026-09-26T20:02:25Z	200	1001819	5e22013a4d62b7191d314c106587f0e9aeb09ff9bbfa68925bf0e74b27bc1772	https://pypi.org/pypi/opencv-python/json	pypi json opencv-python (opencv) [truncated-to-300KB]
F0074	2026-09-26T20:02:25Z	200	216970	4d559f961e0c3044beb34628e8294a7984131803c65ed7eccd16d9174015ebd6	https://packages.ecosyste.ms/api/v1/registries/pypi.org/packages/opencv-python	ecosystems pypi downloads opencv-python (opencv)
F0075	2026-09-26T20:02:25Z	200	25575	82c6ac996c96b4fd0c2019b27738a67771fb9beebdf9e03ec749242174bbd797	https://repos.ecosyste.ms/api/v1/hosts/GitHub/repositories/opencv%2Fopencv-python	ecosystems repo opencv/opencv-python (opencv-python)
F0076	2026-09-26T20:02:26Z	200	4126	1b87411d37d1582b79e2bd8cdca7bf9f775aff679c16959622ff753ed68472e7	https://repos.ecosyste.ms/api/v1/hosts/GitHub/repositories/huggingface%2Fpytorch-image-models	ecosystems repo huggingface/pytorch-image-models (timm)
F0077	2026-09-26T20:02:25Z	200	158667	e7be7128b2beffae82ee883e63ae5903f7e039bdf30ba293c76b28f04e53ba77	https://pypi.org/pypi/timm/json	pypi json timm (timm)
F0078	2026-09-26T20:02:26Z	200	64744	ac601d1c4e36477e9a71c6ae5a1164065c01c7886a2f3f623fd13487ddaa5bd8	https://packages.ecosyste.ms/api/v1/registries/pypi.org/packages/timm	ecosystems pypi downloads timm (timm)
F0079	2026-09-26T20:02:26Z	200	19225	746f45909efe6f44f79989b2de7311fa1ea89d8059181ddf7d559cb70c7230fd	https://repos.ecosyste.ms/api/v1/hosts/GitHub/repositories/pytorch%2Fvision	ecosystems repo pytorch/vision (torchvision)
F0080	2026-09-26T20:02:25Z	200	846888	1f020312e5099f82b0de19718bc88df85851bcc3d584855f3ad68726a7e12f5b	https://pypi.org/pypi/torchvision/json	pypi json torchvision (torchvision)
F0081	2026-09-26T20:02:26Z	200	166140	c03d2297f4a1d0caa24d8583c1e4fc66bc4ecabcfb604430727012d01d9e5f15	https://packages.ecosyste.ms/api/v1/registries/pypi.org/packages/torchvision	ecosystems pypi downloads torchvision (torchvision)
F0082	2026-09-26T20:02:26Z	200	3892	634ace589c22045b130cfaa1487c59be0215a57ce7f45183d8c71681a48aa98d	https://repos.ecosyste.ms/api/v1/hosts/GitHub/repositories/ultralytics%2Fultralytics	ecosystems repo ultralytics/ultralytics (ultralytics)
F0083	2026-09-26T20:02:26Z	200	1354046	1e41b8398d4fa8c312ad1cd7abdfb4f1f098b525bf22811f4588bef02646af2e	https://pypi.org/pypi/ultralytics/json	pypi json ultralytics (ultralytics) [truncated-to-300KB]
F0084	2026-09-26T20:02:26Z	200	498914	cf750fd34e9eae16de3e1b21d814597e5d8305d45b3b164ceef2e89eebcca8c0	https://packages.ecosyste.ms/api/v1/registries/pypi.org/packages/ultralytics	ecosystems pypi downloads ultralytics (ultralytics)
F0085	2026-09-26T20:02:26Z	200	20123	d313be3943ec7bc5942881b016831493c5f8c1d3d5c3ac214ff8b873a04cd801	https://repos.ecosyste.ms/api/v1/hosts/GitHub/repositories/facebookresearch%2Fdetectron2	ecosystems repo facebookresearch/detectron2 (detectron2)
F0086	2026-09-26T20:02:26Z	200	11902	b02292f4b90c607763871e0f7f5c596f48b37b7e41317806b7d321b156e59a1f	https://repos.ecosyste.ms/api/v1/hosts/GitHub/repositories/open-mmlab%2Fmmdetection	ecosystems repo open-mmlab/mmdetection (mmdetection)
F0087	2026-09-26T20:02:26Z	200	106225	f90acc032dfb38cde1a2120cd8a68d553ea649e4c256c5a0a32ae000ff681c72	https://pypi.org/pypi/mmdet/json	pypi json mmdet (mmdetection)
F0088	2026-09-26T20:02:26Z	200	56699	9c9d178f7435f679718eed7d19cb2aaa48a9a4abd4ba6b0e3defe2a1a9b51409	https://packages.ecosyste.ms/api/v1/registries/pypi.org/packages/mmdet	ecosystems pypi downloads mmdet (mmdetection)
F0089	2026-09-26T20:02:26Z	200	12741	7b1f7205748237a4f82cdf1e82ac10d7b025f8c53a44c39c40f7e2d54a47939d	https://repos.ecosyste.ms/api/v1/hosts/GitHub/repositories/open-mmlab%2Fmmsegmentation	ecosystems repo open-mmlab/mmsegmentation (mmsegmentation)
F0090	2026-09-26T20:02:26Z	200	97752	23a981a1555b998e6edc7ea89f00ade8afe6df121ab5d305cca3beadc069b4a4	https://pypi.org/pypi/mmsegmentation/json	pypi json mmsegmentation (mmsegmentation)
F0091	2026-09-26T20:02:26Z	200	48598	d03da816a7f70c7727b67d3e0304d6dcc1cce8f8c409d41f26336ea9309f839d	https://packages.ecosyste.ms/api/v1/registries/pypi.org/packages/mmsegmentation	ecosystems pypi downloads mmsegmentation (mmsegmentation)
F0092	2026-09-26T20:02:26Z	200	28198	0672521b0082f96aa85130fbfcf4b74f6c386da598bbcd6d8b0ec46973695319	https://repos.ecosyste.ms/api/v1/hosts/GitHub/repositories/open-mmlab%2Fmmcv	ecosystems repo open-mmlab/mmcv (mmcv)
F0093	2026-09-26T20:02:26Z	200	77250	2fc4dc2a2aee20276d215897e925603312e64fa47e11460be4582f89b6c4f7b1	https://pypi.org/pypi/mmcv/json	pypi json mmcv (mmcv)
F0094	2026-09-26T20:02:27Z	200	98149	46b0bb150ff1527dba94d55e66dd476dd83206cc4e830f31cbc66be3b6d59456	https://packages.ecosyste.ms/api/v1/registries/pypi.org/packages/mmcv	ecosystems pypi downloads mmcv (mmcv)
F0095	2026-09-26T20:02:27Z	200	3463	4f66e109e9904f4880ace7933472c157de91eff181b5d9a019c95c2d9e4d0c9b	https://repos.ecosyste.ms/api/v1/hosts/GitHub/repositories/open-mmlab%2Fmmpretrain	ecosystems repo open-mmlab/mmpretrain (mmpretrain)
F0096	2026-09-26T20:02:26Z	200	36689	8db48c464adc1212cf87a968369e54d807e995308788b8b38ac2f7b6e539be06	https://pypi.org/pypi/mmpretrain/json	pypi json mmpretrain (mmpretrain)
F0097	2026-09-26T20:02:27Z	200	35142	6578472d111bccae2f613329eb55f13161750e5f1ba6bd8c115b699e2b19623d	https://packages.ecosyste.ms/api/v1/registries/pypi.org/packages/mmpretrain	ecosystems pypi downloads mmpretrain (mmpretrain)
F0098	2026-09-26T20:02:27Z	200	27633	0aa3fb51070d00954ce120fd5bafd7af07104c2a784b5573adcf9f499ece9b8d	https://repos.ecosyste.ms/api/v1/hosts/GitHub/repositories/open-mmlab%2Fmmpose	ecosystems repo open-mmlab/mmpose (mmpose)
F0099	2026-09-26T20:02:26Z	200	84254	e42691af7aabcc3ac8cc6592bcd83a0125406ca501377c29637ffc7fce21f97d	https://pypi.org/pypi/mmpose/json	pypi json mmpose (mmpose)
F0100	2026-09-26T20:02:27Z	200	54749	2dc81bc5b4a15395640cecf97685ea5510003598840bd0135ae67add4b7e5678	https://packages.ecosyste.ms/api/v1/registries/pypi.org/packages/mmpose	ecosystems pypi downloads mmpose (mmpose)
F0101	2026-09-26T20:02:27Z	200	27043	59f7d573a3733b896b2ebaa5340c85f7189b7420248e87d97dc464c7c659a205	https://repos.ecosyste.ms/api/v1/hosts/GitHub/repositories/kornia%2Fkornia	ecosystems repo kornia/kornia (kornia)
F0102	2026-09-26T20:02:27Z	200	88983	c494af0276c9092f6c3ec253aeaa89f38b31af0a5f6d45fd1dba6bf4a96f2d03	https://pypi.org/pypi/kornia/json	pypi json kornia (kornia)
F0103	2026-09-26T20:02:27Z	200	60139	9bd03c7684244a3274c8ea04d0e80077bb87e9a07501335d93f40efb4ae41517	https://packages.ecosyste.ms/api/v1/registries/pypi.org/packages/kornia	ecosystems pypi downloads kornia (kornia)
F0104	2026-09-26T20:02:27Z	200	13732	245dbb75aa91dbf02ab55b211d930c5e7ac39597c7504fe7718ad64be76dfd28	https://repos.ecosyste.ms/api/v1/hosts/GitHub/repositories/albumentations-team%2Falbumentations	ecosystems repo albumentations-team/albumentations (albumentations)
F0105	2026-09-26T20:02:27Z	200	150531	30199e4523caa51666e4c8277ff1aa5e839ed342a084dac4ba585bee0471f26e	https://pypi.org/pypi/albumentations/json	pypi json albumentations (albumentations)
F0106	2026-09-26T20:02:27Z	200	55908	b47443634fe472c01686643f77e65ba9a15800280c1c752b9c53ecec2f70f933	https://packages.ecosyste.ms/api/v1/registries/pypi.org/packages/albumentations	ecosystems pypi downloads albumentations (albumentations)
F0107	2026-09-26T20:02:27Z	200	4003	434eab3d3d7e542daaeb8817921eb24c553af78ebfa6142d13a265a9180d0a15	https://repos.ecosyste.ms/api/v1/hosts/GitHub/repositories/albumentations-team%2FAlbumentationsX	ecosystems repo albumentations-team/AlbumentationsX (albumentationsx)
F0108	2026-09-26T20:02:27Z	200	123344	880bcf2ae845358dc7596f9e13ef78247b40b54b30e84096bc8b3d6b377b76c4	https://pypi.org/pypi/albumentationsx/json	pypi json albumentationsx (albumentationsx)
F0109	2026-09-26T20:02:27Z	200	38711	c0b8996b3add0ff3a02cd8b0164af4344c1d1d42068ef1af3bb77c0d586dc454	https://packages.ecosyste.ms/api/v1/registries/pypi.org/packages/albumentationsx	ecosystems pypi downloads albumentationsx (albumentationsx)
F0110	2026-09-26T20:02:27Z	200	3686	fa49e22710ab6fced73a4224b91061baecb046c534d4bc5b2abc5a7e7b3a5741	https://repos.ecosyste.ms/api/v1/hosts/GitHub/repositories/roboflow%2Fsupervision	ecosystems repo roboflow/supervision (supervision)
F0111	2026-09-26T20:02:27Z	200	187834	93bee06d375d8f14b23298b97270d7fcf53c4a8678c31a3ccac29ea4b633c440	https://pypi.org/pypi/supervision/json	pypi json supervision (supervision)
F0112	2026-09-26T20:02:27Z	200	73900	d5f5359ebc38c40c9d99abea1b4d66b965c0a8dcde8a4e6244e66479d98a1312	https://packages.ecosyste.ms/api/v1/registries/pypi.org/packages/supervision	ecosystems pypi downloads supervision (supervision)
F0113	2026-09-26T20:02:28Z	200	9724	cc8cd32c4c0e6e92764fcf15d22420a1257ff2e4e3c39bc198903b5b635ce893	https://repos.ecosyste.ms/api/v1/hosts/GitHub/repositories/scikit-image%2Fscikit-image	ecosystems repo scikit-image/scikit-image (scikit-image)
F0114	2026-09-26T20:02:27Z	200	1042379	2a986d45ee278f7820a060319d53f6e4c9b68d9841907829aeb68b09c54ff7bc	https://pypi.org/pypi/scikit-image/json	pypi json scikit-image (scikit-image) [truncated-to-300KB]
F0115	2026-09-26T20:02:28Z	200	126181	454224cc2da3d2f63e53fd55f233be61a8bd1f046c6da293301745f70291a8ee	https://packages.ecosyste.ms/api/v1/registries/pypi.org/packages/scikit-image	ecosystems pypi downloads scikit-image (scikit-image)
F0116	2026-09-26T20:02:28Z	200	3650	a6ff8b31771b65ad485258d08be1e5b2f934024eb7c21890b8d67415daa507a2	https://repos.ecosyste.ms/api/v1/hosts/GitHub/repositories/google-ai-edge%2Fmediapipe	ecosystems repo google-ai-edge/mediapipe (mediapipe)
F0117	2026-09-26T20:02:27Z	200	221365	16b82a64f39f3f78769f4a66ccaab63bb37cbd7ea8652ad639ebe81fec926fe0	https://pypi.org/pypi/mediapipe/json	pypi json mediapipe (mediapipe)
F0118	2026-09-26T20:02:28Z	200	56703	d9df972ce0107bf8c7a1a5c2ebfd180dcacfdb478769617c3667a76c93333336	https://packages.ecosyste.ms/api/v1/registries/pypi.org/packages/mediapipe	ecosystems pypi downloads mediapipe (mediapipe)
F0119	2026-09-26T20:02:28Z	200	19168	9b793d4de49e25f0d1576c2a31a0f9b56f049b84a6c0cab7a8248d1e22d07a0d	https://repos.ecosyste.ms/api/v1/hosts/GitHub/repositories/PaddlePaddle%2FPaddleDetection	ecosystems repo PaddlePaddle/PaddleDetection (paddledetection)
F0120	2026-09-26T20:02:28Z	200	12924	619ca0ce6ef72e52eb093b0e699841ce5c89b754c02a44181aa2a6eac8522c82	https://repos.ecosyste.ms/api/v1/hosts/GitHub/repositories/PaddlePaddle%2FPaddleX	ecosystems repo PaddlePaddle/PaddleX (paddlex)
F0121	2026-09-26T20:02:28Z	200	216436	7f3481d4802f46cda2dade2776777f0e14cb902a99cae7ee577d40a79fbb20d8	https://pypi.org/pypi/paddlex/json	pypi json paddlex (paddlex)
F0122	2026-09-26T20:02:28Z	200	16665	02bd978c1be995129ab50d29247383c2608a9183259956761ad4fd94665ca987	https://packages.ecosyste.ms/api/v1/registries/pypi.org/packages/paddlex	ecosystems pypi downloads paddlex (paddlex)
F0123	2026-09-26T20:02:28Z	200	40810	fb8dab3fb3d4a5528367e001117a11890cfde13ac9addb29c14beff970c4c2e2	https://repos.ecosyste.ms/api/v1/hosts/GitHub/repositories/Project-MONAI%2FMONAI	ecosystems repo Project-MONAI/MONAI (monai)
F0124	2026-09-26T20:02:28Z	200	69384	2adc23eec3be145952382f3dbac6405ffacec2041c37639bae75d0813aff0f33	https://pypi.org/pypi/monai/json	pypi json monai (monai)
F0125	2026-09-26T20:02:28Z	200	164456	87cdb939dd89decdf369ca9f4c49af915a6743846a904d1d29ad5579a578fad0	https://packages.ecosyste.ms/api/v1/registries/pypi.org/packages/monai	ecosystems pypi downloads monai (monai)
F0126	2026-09-26T20:02:28Z	200	16875	348b7fe26925d017e9e1bc28a304d5fbace8edb45616b9bf1e809e1c8d6f221b	https://repos.ecosyste.ms/api/v1/hosts/GitHub/repositories/lightly-ai%2Flightly	ecosystems repo lightly-ai/lightly (lightly)
F0127	2026-09-26T20:02:28Z	200	261577	1978f0711feb7cefaaf14b46c48467f7e99c69d904ec09929e773f08993a9194	https://pypi.org/pypi/lightly/json	pypi json lightly (lightly)
F0128	2026-09-26T20:02:28Z	200	107523	04cdadfa1ff7b410b411cf396ff4c076bd949b7343f507d676b3d223a497dc24	https://packages.ecosyste.ms/api/v1/registries/pypi.org/packages/lightly	ecosystems pypi downloads lightly (lightly)
F0129	2026-09-26T20:02:28Z	200	3626	9bc5dc77e57cbcfbc74b8384063609467d26340ea5b7e0defa24a972d5a52454	https://repos.ecosyste.ms/api/v1/hosts/GitHub/repositories/lightly-ai%2Flightly-train	ecosystems repo lightly-ai/lightly-train (lightly-train)
F0130	2026-09-26T20:02:28Z	200	115308	dd9f4566cbca8bb76f37b7182d21d62a9b044890992388532b436709ced439a5	https://pypi.org/pypi/lightly-train/json	pypi json lightly-train (lightly-train)
F0131	2026-09-26T20:02:28Z	200	28429	8f20c7ad0e53e18ab2e387e93898f831c19fad93df0f2fa6eba6d3edc843ae88	https://packages.ecosyste.ms/api/v1/registries/pypi.org/packages/lightly-train	ecosystems pypi downloads lightly-train (lightly-train)
F0132	2026-09-26T20:02:29Z	200	11400	484dc3ed89bb690c998bee5e0a9d765f82889bea55028d9132363b0930264d77	https://repos.ecosyste.ms/api/v1/hosts/GitHub/repositories/fastai%2Ffastai	ecosystems repo fastai/fastai (fastai)
F0133	2026-09-26T20:02:28Z	200	244471	d1ac666aa0950718be1b9d71015a3b79427273a29d38c984745f22a8eff8ad46	https://pypi.org/pypi/fastai/json	pypi json fastai (fastai)
F0134	2026-09-26T20:02:29Z	200	35952	68f1a578aeca3f63c09a835a4b8ac64569aaa7be3fb80606b1a78306f57b7c5c	https://packages.ecosyste.ms/api/v1/registries/pypi.org/packages/fastai	ecosystems pypi downloads fastai (fastai)
F0135	2026-09-26T20:02:29Z	200	16819	d293a5404ee75dde1495b3cfd584e4fb79751be7f1204f03bcbe07472fba846a	https://repos.ecosyste.ms/api/v1/hosts/GitHub/repositories/davisking%2Fdlib	ecosystems repo davisking/dlib (dlib)
F0136	2026-09-26T20:02:28Z	200	43549	9e57c8107448a4804dd46f4290221b8da53773066d76ecd15e405c60fc5810e0	https://pypi.org/pypi/dlib/json	pypi json dlib (dlib)
F0137	2026-09-26T20:02:29Z	200	60636	c1131e7c6c949e2d270b0701c949115b257760e052678a55cbabf327c6f140a6	https://packages.ecosyste.ms/api/v1/registries/pypi.org/packages/dlib	ecosystems pypi downloads dlib (dlib)
F0138	2026-09-26T20:02:29Z	200	20018	4c2be8106c1dd728a1f4f71bdb7df19e0680bb82eb08ef417ecc5391c11d0b84	https://repos.ecosyste.ms/api/v1/hosts/GitHub/repositories/deepinsight%2Finsightface	ecosystems repo deepinsight/insightface (insightface)
F0139	2026-09-26T20:02:28Z	200	39211	42fce63e64b05a5195aed5f772228b128407397d51a84c060eca4b924979c88a	https://pypi.org/pypi/insightface/json	pypi json insightface (insightface)
F0140	2026-09-26T20:02:29Z	200	25420	8390cab805c9b028660b1aaf86b5a642fac9a3583ade4366d1b62c95fb0f3728	https://packages.ecosyste.ms/api/v1/registries/pypi.org/packages/insightface	ecosystems pypi downloads insightface (insightface)
F0141	2026-09-26T20:02:29Z	404	32	648584acecbc9e40f39145d268a9fb68964f2fac8774773bea29a23e3c741261	https://repos.ecosyste.ms/api/v1/hosts/GitHub/repositories/microsoft%2Ftorchgeo	ecosystems repo microsoft/torchgeo (torchgeo)
F0142	2026-09-26T20:02:29Z	200	54019	b492f1af2fb8398283a3593227ec77a5c76b6ac27952e2942cffd5a1c054938a	https://pypi.org/pypi/torchgeo/json	pypi json torchgeo (torchgeo)
F0143	2026-09-26T20:02:29Z	200	28818	b492fb242642cf67ee9059388ef98b39b32f5907fee7f6fa08c5083513f3c123	https://packages.ecosyste.ms/api/v1/registries/pypi.org/packages/torchgeo	ecosystems pypi downloads torchgeo (torchgeo)
F0144	2026-09-26T20:02:29Z	200	29448	a9ea5ce4e8e68870dea88da517a7fc2bbe836908acb27a7ada4e815aa8e58812	https://repos.ecosyste.ms/api/v1/hosts/GitHub/repositories/voxel51%2Ffiftyone	ecosystems repo voxel51/fiftyone (fiftyone)
F0145	2026-09-26T20:02:29Z	200	271034	e3dc199b8dabbfc0c2333557b8e5e6f0bf1da717d8c138c232ae3ef5fdc6fb8f	https://pypi.org/pypi/fiftyone/json	pypi json fiftyone (fiftyone)
F0146	2026-09-26T20:02:29Z	200	259496	65f48dc4e6f3e79620775eb7aa5367c28ad649d4f9a4593bb8753cb1a6d18f9d	https://packages.ecosyste.ms/api/v1/registries/pypi.org/packages/fiftyone	ecosystems pypi downloads fiftyone (fiftyone)
F0147	2026-09-26T20:02:29Z	200	3655	fa6d8498446ee10ded590d631ba48711c5d4eb436b0c02bdc016c3afe7ef2b33	https://repos.ecosyste.ms/api/v1/hosts/GitHub/repositories/roboflow%2Finference	ecosystems repo roboflow/inference (roboflow-inference)
F0148	2026-09-26T20:02:29Z	200	227813	65fdfc383ecade060962876d62e17af9f1b60032b9daeeac73fa6a47b3326f14	https://pypi.org/pypi/inference/json	pypi json inference (roboflow-inference)
F0149	2026-09-26T20:02:29Z	200	155652	c8e8bed2b792847b943f1bb35d442424b34be02a73c00eccb56ed3a0b96666f0	https://packages.ecosyste.ms/api/v1/registries/pypi.org/packages/inference	ecosystems pypi downloads inference (roboflow-inference)
F0150	2026-09-26T20:02:29Z	200	3142	36e0756855e6b9b7cb5726ff4c578a33d10d696cdd4bc9fecbb4c5261dcff340	https://repos.ecosyste.ms/api/v1/hosts/GitHub/repositories/facebookresearch%2Fdinov2	ecosystems repo facebookresearch/dinov2 (dinov2)
F0151	2026-09-26T20:02:29Z	200	3129	8ab43fb70e367613900b8796cf668a9445ccb8baec3d0f473d8b982297a0e81c	https://repos.ecosyste.ms/api/v1/hosts/GitHub/repositories/facebookresearch%2Fdinov3	ecosystems repo facebookresearch/dinov3 (dinov3)
F0152	2026-09-26T20:02:30Z	200	3282	8724d4ad4df3575bafd015862e95ef87661a895f4c450848a60c034b85e59124	https://repos.ecosyste.ms/api/v1/hosts/GitHub/repositories/facebookresearch%2Fsam3	ecosystems repo facebookresearch/sam3 (sam3)
F0153	2026-09-26T20:02:30Z	200	3157	bed96ba57b3d3ae5ed2460917a91340b1a95cebe8775da71daec241a4e14a387	https://repos.ecosyste.ms/api/v1/hosts/GitHub/repositories/ByteDance-Seed%2FDepth-Anything-3	ecosystems repo ByteDance-Seed/Depth-Anything-3 (depth-anything-3)
F0154	2026-09-26T20:02:29Z	200	25490	5d4928a87d1237884749fe39edf1c2b5790149699984bd392d23fa9d55250327	https://pypi.org/pypi/depth-anything-3/json	pypi json depth-anything-3 (depth-anything-3)
F0155	2026-09-26T20:02:30Z	200	7962	fad44a1a4a921d49d02de0873d5e2d9e09f868d5bebf2192e8afb24db09b709b	https://packages.ecosyste.ms/api/v1/registries/pypi.org/packages/depth-anything-3	ecosystems pypi downloads depth-anything-3 (depth-anything-3)
F0156	2026-09-26T20:02:30Z	200	3344	286f3782c267e79b05200c27327ae3f94ff9e3d47c16ef9d6a73c7920ffd00d6	https://repos.ecosyste.ms/api/v1/hosts/GitHub/repositories/DepthAnything%2FDepth-Anything-V2	ecosystems repo DepthAnything/Depth-Anything-V2 (depth-anything-v2)
F0157	2026-09-26T20:02:30Z	200	3462	0da92219f6cc7ec6607056a179a6b0957df5e6e3f5bcab1c43f2ebc792c058b2	https://repos.ecosyste.ms/api/v1/hosts/GitHub/repositories/lyuwenyu%2FRT-DETR	ecosystems repo lyuwenyu/RT-DETR (rt-detr)
F0158	2026-09-26T20:02:30Z	200	3346	903414b901ff4cf15cb9a8ea12cc58d40c62edd00e5f8b1f575aa9e8af664fb3	https://repos.ecosyste.ms/api/v1/hosts/GitHub/repositories/roboflow%2Frf-detr	ecosystems repo roboflow/rf-detr (rf-detr)
F0159	2026-09-26T20:02:30Z	200	126770	d696e8d8df59d99308fcffc9a7b06e566dfcf6a5ed672794b85c5ef1c1d0e420	https://pypi.org/pypi/rfdetr/json	pypi json rfdetr (rf-detr)
F0160	2026-09-26T20:02:30Z	200	39475	24235d4225e8a9ca494e0933da2405318e9affd0ff5c961f7e4082ade45cb43c	https://packages.ecosyste.ms/api/v1/registries/pypi.org/packages/rfdetr	ecosystems pypi downloads rfdetr (rf-detr)
F0161	2026-09-26T20:02:30Z	200	3015	a5eaa57261c581c5face9aa6c77575633bed9bc0328642e18c2ee0b422ee8288	https://repos.ecosyste.ms/api/v1/hosts/GitHub/repositories/Peterande%2FD-FINE	ecosystems repo Peterande/D-FINE (d-fine)
F0162	2026-09-26T20:02:30Z	200	3288	1ca631dc7f0060268be243a765badb2e3f7265e54c888c52a883dbed4dcdfe48	https://repos.ecosyste.ms/api/v1/hosts/GitHub/repositories/Intellindust-AI-Lab%2FDEIM	ecosystems repo Intellindust-AI-Lab/DEIM (deim)
F0163	2026-09-26T20:02:30Z	200	3054	749b51d34fe57a3a5626a7fc81df4b721303af82703785ecc3f3645f705478ee	https://repos.ecosyste.ms/api/v1/hosts/GitHub/repositories/sunsmarterjie%2Fyolov12	ecosystems repo sunsmarterjie/yolov12 (yolov12)
F0164	2026-09-26T20:02:30Z	404	32	648584acecbc9e40f39145d268a9fb68964f2fac8774773bea29a23e3c741261	https://repos.ecosyste.ms/api/v1/hosts/GitHub/repositories/THU-MIG%2Fyolov10	ecosystems repo THU-MIG/yolov10 (yolov10)
F0165	2026-09-26T20:02:30Z	200	2988	c261ba75a19c9addfcc8daa7f4a2c7f05ee536243b4d55328fb77644bc7b2d4c	https://repos.ecosyste.ms/api/v1/hosts/GitHub/repositories/WongKinYiu%2Fyolov9	ecosystems repo WongKinYiu/yolov9 (yolov9)
F0166	2026-09-26T20:02:30Z	200	3436	8ac5d45d17459506422d22ecb8284de4d5d47cb858b7c2bfa8a38a6d3b328ebf	https://repos.ecosyste.ms/api/v1/hosts/GitHub/repositories/ZhengPeng7%2FBiRefNet	ecosystems repo ZhengPeng7/BiRefNet (birefnet)
F0167	2026-09-26T20:02:30Z	200	2967	bb4e502e609d1b863ea2f58472b71932903573b4194b32919b1fb851ecec0744	https://repos.ecosyste.ms/api/v1/hosts/GitHub/repositories/NVlabs%2FSegFormer	ecosystems repo NVlabs/SegFormer (segformer)
F0168	2026-09-26T20:02:31Z	200	3079	0cf04b3555f911bc0154d60edd6dff72cef2e3fcd87364a7c5d9ad127e262b4e	https://repos.ecosyste.ms/api/v1/hosts/GitHub/repositories/facebookresearch%2FMask2Former	ecosystems repo facebookresearch/Mask2Former (mask2former)
F0169	2026-09-26T20:02:31Z	200	3047	146361e148ce878265e17bb42ca7eabb8079a6d7fab06f79a2f46b2a8cc7e2e1	https://repos.ecosyste.ms/api/v1/hosts/GitHub/repositories/facebookresearch%2Fsapiens	ecosystems repo facebookresearch/sapiens (sapiens)
F0170	2026-09-26T20:02:31Z	200	3145	b88ab23f037cddcb5eb1cd15b1550be239aeacaa018ddeb52a87b6e420cdd6d4	https://repos.ecosyste.ms/api/v1/hosts/GitHub/repositories/tue-mps%2Feomt	ecosystems repo tue-mps/eomt (eomt)
F0171	2026-09-26T20:02:31Z	200	3208	41ade9cf66604957f1d694f6eda1932983854ecb6d90c3b8924d6c412538ec09	https://repos.ecosyste.ms/api/v1/hosts/GitHub/repositories/IDEA-Research%2FGroundingDINO	ecosystems repo IDEA-Research/GroundingDINO (grounding-dino)
F0172	2026-09-26T20:02:31Z	200	3316	44c3573883fb1051cf3e15177ea843fb99197bad60a194f38ce15a8800f8edf0	https://repos.ecosyste.ms/api/v1/hosts/GitHub/repositories/facebookresearch%2Fco-tracker	ecosystems repo facebookresearch/co-tracker (cotracker)
F0173	2026-09-26T20:02:31Z	200	3236	22d89a7928249d16bd2b30daaf8e9d14eaeae7b8f1a70044c450b4c01af06213	https://repos.ecosyste.ms/api/v1/hosts/GitHub/repositories/PriorLabs%2FTabPFN	ecosystems repo PriorLabs/TabPFN (tabpfn)
F0174	2026-09-26T20:02:31Z	200	118586	3556e12c1c037cf6be32400229c84740042b4408add5f4a0ae1c92be94565e70	https://pypi.org/pypi/tabpfn/json	pypi json tabpfn (tabpfn)
F0175	2026-09-26T20:02:31Z	200	28391	d5b6d93c92c444c8a91a6e0d2df15bb0207c6f516726b284d9d9f023579d17da	https://packages.ecosyste.ms/api/v1/registries/pypi.org/packages/tabpfn	ecosystems pypi downloads tabpfn (tabpfn)
F0176	2026-09-26T20:02:31Z	200	3172	62c019d9b93db9f6e0450ea277b3baa06ed9986ba18244f23b343e4ac52e67bc	https://repos.ecosyste.ms/api/v1/hosts/GitHub/repositories/soda-inria%2Ftabicl	ecosystems repo soda-inria/tabicl (tabicl)
F0177	2026-09-26T20:02:31Z	200	68325	f62a51794bdf566360fdb41e58badc42ad901cce0be8eb308a90ab094f6f3dee	https://pypi.org/pypi/tabicl/json	pypi json tabicl (tabicl)
F0178	2026-09-26T20:02:31Z	200	33433	6fe84caad26d2c6b6f6b6f9c46d6d29b5d5e011bb4583d16daf7fec1bf5a2e80	https://packages.ecosyste.ms/api/v1/registries/pypi.org/packages/tabicl	ecosystems pypi downloads tabicl (tabicl)
F0179	2026-09-26T20:02:31Z	200	3330	d65ca6dd0fbb235019266c2b9cbdd1bc4ba314a6259a0a324e6c39aa4f6c8357	https://repos.ecosyste.ms/api/v1/hosts/GitHub/repositories/SAP-samples%2Fsap-rpt-1-oss	ecosystems repo SAP-samples/sap-rpt-1-oss (sap-rpt-1-oss)
F0180	2026-09-26T20:02:31Z	404	32	648584acecbc9e40f39145d268a9fb68964f2fac8774773bea29a23e3c741261	https://repos.ecosyste.ms/api/v1/hosts/GitHub/repositories/limix-ldm%2FLimiX	ecosystems repo limix-ldm/LimiX (limix)
F0181	2026-09-26T20:02:31Z	200	3825	66ecec3e137b91fb39c4b19ae96f49b9fcbf0eb7dd4a92e7ab0178d9b23753d9	https://repos.ecosyste.ms/api/v1/hosts/GitHub/repositories/sktime%2Fsktime	ecosystems repo sktime/sktime (sktime)
F0182	2026-09-26T20:02:31Z	200	330947	a7f33b3b1b2594dec106f5cae1232c6569942cd40936f7c6c9cca5e2059fc3f3	https://pypi.org/pypi/sktime/json	pypi json sktime (sktime)
F0183	2026-09-26T20:02:31Z	200	40123	0c43b278d9dc6b3bfce0f0fdaa4c8d0d2d5b59821de7077bc2444075f5629881	https://packages.ecosyste.ms/api/v1/registries/pypi.org/packages/sktime	ecosystems pypi downloads sktime (sktime)
F0184	2026-09-26T20:02:31Z	200	22603	a35e320293f5d93ddb6022fa99cf203cae3e280f3dc2a0640837a90e97a13d76	https://repos.ecosyste.ms/api/v1/hosts/GitHub/repositories/unit8co%2Fdarts	ecosystems repo unit8co/darts (darts)
F0185	2026-09-26T20:02:31Z	200	157235	674f91954f51ea657453af5beb994138a794a90ced9a7fea4b0f1f907c25d067	https://pypi.org/pypi/darts/json	pypi json darts (darts)
F0186	2026-09-26T20:02:32Z	200	65712	81db42e84a710bde76bb1a1fc281b3ff5b753ee38ecce585af4de951ad67407b	https://packages.ecosyste.ms/api/v1/registries/pypi.org/packages/darts	ecosystems pypi downloads darts (darts)
F0187	2026-09-26T20:02:32Z	200	11598	3215f8be1829b6753bd42e3d7431462ea42afaaae4bcff71952d0c6b0b7df405	https://repos.ecosyste.ms/api/v1/hosts/GitHub/repositories/Nixtla%2Fstatsforecast	ecosystems repo Nixtla/statsforecast (statsforecast)
F0188	2026-09-26T20:02:31Z	200	289772	b389f19d21a209dfd07748f6dc0e67bed9e626c70104c2894034a4a5f74d5142	https://pypi.org/pypi/statsforecast/json	pypi json statsforecast (statsforecast)
F0189	2026-09-26T20:02:32Z	200	44128	130a765b2a18750dca9bfa232bfb943292a3aa161f0879e52087585fa18d4289	https://packages.ecosyste.ms/api/v1/registries/pypi.org/packages/statsforecast	ecosystems pypi downloads statsforecast (statsforecast)
F0190	2026-09-26T20:02:32Z	200	10888	27877b05aec93c3bf4a7300d040a8ebff591e6156f55004f0d150342a363c0cb	https://repos.ecosyste.ms/api/v1/hosts/GitHub/repositories/Nixtla%2Fneuralforecast	ecosystems repo Nixtla/neuralforecast (neuralforecast)
F0191	2026-09-26T20:02:31Z	200	87018	65de1310f2ab73d832d0c484205b2eafb8cf03934a66a355ec21cfe82735c385	https://pypi.org/pypi/neuralforecast/json	pypi json neuralforecast (neuralforecast)
F0192	2026-09-26T20:02:32Z	200	42824	118ea79df96657b8f3a40b0f38522d1799d3737519a95d9d9b5d2dc68900106d	https://packages.ecosyste.ms/api/v1/registries/pypi.org/packages/neuralforecast	ecosystems pypi downloads neuralforecast (neuralforecast)
F0193	2026-09-26T20:02:32Z	200	14089	a60e6881ae23acf361f410925f6f3daf38503ac88c8926b2b3f6879d4ae65706	https://repos.ecosyste.ms/api/v1/hosts/GitHub/repositories/facebook%2Fprophet	ecosystems repo facebook/prophet (prophet)
F0194	2026-09-26T20:02:32Z	200	89434	3fb6ac75c7a8a8568bfe18451f9a2bf8cb9fd05efef48438dafc894006b695a2	https://pypi.org/pypi/prophet/json	pypi json prophet (prophet)
F0195	2026-09-26T20:02:32Z	200	38220	02bf9bd309f4cbf81e5d3835e12074963822a9b22efac6d6a71cd106d29ab03e	https://packages.ecosyste.ms/api/v1/registries/pypi.org/packages/prophet	ecosystems pypi downloads prophet (prophet)
F0196	2026-09-26T20:02:32Z	200	15136	8010039fb522433fe6ae45a73cd2ff0346e2090a5d303007623e2909c1cac794	https://repos.ecosyste.ms/api/v1/hosts/GitHub/repositories/alkaline-ml%2Fpmdarima	ecosystems repo alkaline-ml/pmdarima (pmdarima)
F0197	2026-09-26T20:02:32Z	200	432332	bbf48069b211df74b4624fc53e4e6a8d54fa2e1118fe716a3df9e1d4473bf023	https://pypi.org/pypi/pmdarima/json	pypi json pmdarima (pmdarima)
F0198	2026-09-26T20:02:32Z	200	55735	64b4582c6286e87a31705183d1a4bd1c1b9d072d4c0af08ac554e7c15099585d	https://packages.ecosyste.ms/api/v1/registries/pypi.org/packages/pmdarima	ecosystems pypi downloads pmdarima (pmdarima)
F0199	2026-09-26T20:02:32Z	200	3477	9d7cf292b4e0f4a1fd1354cb81d52fe0e40c35389e6e4b38f86133e4b03b2d1e	https://repos.ecosyste.ms/api/v1/hosts/GitHub/repositories/awslabs%2Fgluonts	ecosystems repo awslabs/gluonts (gluonts)
F0200	2026-09-26T20:02:32Z	200	188523	bf07871435ce7e6e83a9bee16f706aea67f9a825beeceab7553da7b680249165	https://pypi.org/pypi/gluonts/json	pypi json gluonts (gluonts)
F0201	2026-09-26T20:02:32Z	200	77859	5e1ef9ad83ac93428128fe36c307a66d99718a8ebad8cd9593baa7cda455d871	https://packages.ecosyste.ms/api/v1/registries/pypi.org/packages/gluonts	ecosystems pypi downloads gluonts (gluonts)
F0202	2026-09-26T20:02:32Z	200	3642	2419f30b5e7578c192e36a43aa41aaa479feaa81b8e002a559f98ba383163491	https://repos.ecosyste.ms/api/v1/hosts/GitHub/repositories/autogluon%2Fautogluon	ecosystems repo autogluon/autogluon (autogluon)
F0203	2026-09-26T20:02:32Z	200	3708424	9f84bc6be3cc8e4ef635c429d7fb6d7aeb69db9698421df9337fda4113452a3d	https://pypi.org/pypi/autogluon/json	pypi json autogluon (autogluon) [truncated-to-300KB]
F0204	2026-09-26T20:02:32Z	200	36080	2f743537c6f632084d5bc2055b7299fc67fe299475280c96aa84542f3a342041	https://packages.ecosyste.ms/api/v1/registries/pypi.org/packages/autogluon	ecosystems pypi downloads autogluon (autogluon)
F0205	2026-09-26T20:02:33Z	200	18658	f137a67c2798fdffbaa8df0d752c5ca0a41baa67d7553c50fe847617f2811bd5	https://repos.ecosyste.ms/api/v1/hosts/GitHub/repositories/microsoft%2FFLAML	ecosystems repo microsoft/FLAML (flaml)
F0206	2026-09-26T20:02:32Z	200	175725	1908c5b7ca3ad9e91992a589a0f3b2eb72b31d0374f4cef0b39bb56edc7f493a	https://pypi.org/pypi/flaml/json	pypi json flaml (flaml)
F0207	2026-09-26T20:02:33Z	200	74738	9604976c92080abb2232ca7afbc6bd7735e11a3f5d5586d32875a013c2bc8d16	https://packages.ecosyste.ms/api/v1/registries/pypi.org/packages/flaml	ecosystems pypi downloads flaml (flaml)
F0208	2026-09-26T20:02:33Z	200	16189	cd40907c945c26399b02f5978d52616204256126b100e5ff80162d1127142a32	https://repos.ecosyste.ms/api/v1/hosts/GitHub/repositories/pycaret%2Fpycaret	ecosystems repo pycaret/pycaret (pycaret)
F0209	2026-09-26T20:02:32Z	200	158943	ed110070aaf6b6e5ffe0c08787af6ffb86b76c70e1f6fd711c47eaeebebea137	https://pypi.org/pypi/pycaret/json	pypi json pycaret (pycaret)
F0210	2026-09-26T20:02:33Z	200	45827	a133325cd6c3cea03c05c8c89d8dbcb93c87dec76cdcfa478607f87ea65bbd37	https://packages.ecosyste.ms/api/v1/registries/pypi.org/packages/pycaret	ecosystems pypi downloads pycaret (pycaret)
F0211	2026-09-26T20:02:33Z	200	12013	477942647899c089757cb7944de34b800e2a063aff7dfea7c60b4b79b2fd78ed	https://repos.ecosyste.ms/api/v1/hosts/GitHub/repositories/EpistasisLab%2Ftpot	ecosystems repo EpistasisLab/tpot (tpot)
F0212	2026-09-26T20:02:32Z	200	64950	7dfa57d9d4f0053e72cb1f4732d860d93c20d5abf5b055a3294bc03e09435c10	https://pypi.org/pypi/tpot/json	pypi json tpot (tpot)
F0213	2026-09-26T20:02:33Z	200	38252	7f59957c6ecd125302a40c1ed60aff62c7b57a3417fe3fca948de1866c6c9d86	https://packages.ecosyste.ms/api/v1/registries/pypi.org/packages/tpot	ecosystems pypi downloads tpot (tpot)
F0214	2026-09-26T20:02:33Z	200	22140	f886b1152c24082f1249b62b43c8ce8adf1ed24da45d163c55009390ebbb1229	https://repos.ecosyste.ms/api/v1/hosts/GitHub/repositories/automl%2Fauto-sklearn	ecosystems repo automl/auto-sklearn (auto-sklearn)
F0215	2026-09-26T20:02:33Z	200	35791	6f4c6ddc25ce10d790f4e3c3356eddc8ff8833885b57727381182ce8bb4b8707	https://pypi.org/pypi/auto-sklearn/json	pypi json auto-sklearn (auto-sklearn)
F0216	2026-09-26T20:02:33Z	200	50077	9ee8091f23cfd1038d87b38d17fd827d14349505611c1a856209bcba79833abd	https://packages.ecosyste.ms/api/v1/registries/pypi.org/packages/auto-sklearn	ecosystems pypi downloads auto-sklearn (auto-sklearn)
F0217	2026-09-26T20:02:33Z	200	26096	3a4fe9048eb2b8b6de5f55c83a3a3cc7e6bf7633c1149a0f8ab5a9011957d3e6	https://repos.ecosyste.ms/api/v1/hosts/GitHub/repositories/optuna%2Foptuna	ecosystems repo optuna/optuna (optuna)
F0218	2026-09-26T20:02:33Z	200	113678	61f6fdca2b27013db5ad1b36130c148f7de1c1b69c74471cfa43f8fd59ee7c7f	https://pypi.org/pypi/optuna/json	pypi json optuna (optuna)
F0219	2026-09-26T20:02:33Z	200	83122	d2f74e3bca2324522921f01959ba643c52c4c5751af88beef29c5fb4aad32134	https://packages.ecosyste.ms/api/v1/registries/pypi.org/packages/optuna	ecosystems pypi downloads optuna (optuna)
F0220	2026-09-26T20:02:33Z	200	10131	4d6c03e83904c0f706e61384f48345a2f4c3e98a42a821ec44b410edcb07f16e	https://repos.ecosyste.ms/api/v1/hosts/GitHub/repositories/hyperopt%2Fhyperopt	ecosystems repo hyperopt/hyperopt (hyperopt)
F0221	2026-09-26T20:02:33Z	200	37093	9c09123435983e093596e96c452ee097848c3c7be5a03a25e732254ff73d2855	https://pypi.org/pypi/hyperopt/json	pypi json hyperopt (hyperopt)
F0222	2026-09-26T20:02:33Z	200	23185	fc0aa26db92600b38b13a458d507e6148412108daf532c369ea1e644ff34f37d	https://packages.ecosyste.ms/api/v1/registries/pypi.org/packages/hyperopt	ecosystems pypi downloads hyperopt (hyperopt)
F0223	2026-09-26T20:02:33Z	200	3328	00b6f2a49cd76bcbd95eae0103f28a42dc50cf879676cd3c2ec9470bbeb00074	https://repos.ecosyste.ms/api/v1/hosts/GitHub/repositories/shap%2Fshap	ecosystems repo shap/shap (shap)
F0224	2026-09-26T20:02:33Z	200	597432	5ba2998359fae208765c39384ee4719b48a6241e8a3153420a9d45ba8b2e0b94	https://pypi.org/pypi/shap/json	pypi json shap (shap)
F0225	2026-09-26T20:02:33Z	200	47397	588585a31f15f2b58c814be23d7cc7fbc8c62d82c42bfd6505bc332fdc43da78	https://packages.ecosyste.ms/api/v1/registries/pypi.org/packages/shap	ecosystems pypi downloads shap (shap)
F0226	2026-09-26T20:02:34Z	200	8771	5ad9c51a9f504c18ca6d610047ca86bccb3a2e8d8f54e4bd2377ecead299a78f	https://repos.ecosyste.ms/api/v1/hosts/GitHub/repositories/marcotcr%2Flime	ecosystems repo marcotcr/lime (lime)
F0227	2026-09-26T20:02:33Z	200	30674	7450634caac67f3fe545b00edd4073441f7763b4e8f7e0edf0064d1807b7595d	https://pypi.org/pypi/lime/json	pypi json lime (lime)
F0228	2026-09-26T20:02:34Z	200	23984	34ff7f3ee54e362a2b7b5807761e40c6115bee35c54aa021d50cd98f43d48301	https://packages.ecosyste.ms/api/v1/registries/pypi.org/packages/lime	ecosystems pypi downloads lime (lime)
F0229	2026-09-26T20:02:34Z	404	32	648584acecbc9e40f39145d268a9fb68964f2fac8774773bea29a23e3c741261	https://repos.ecosyste.ms/api/v1/hosts/GitHub/repositories/pytorch%2Fcaptum	ecosystems repo pytorch/captum (captum)
F0230	2026-09-26T20:02:33Z	200	43611	a77bdcd7cb5327eb3e0111a33edff709c853c6fd583e4eb6d9a014ca83852f9e	https://pypi.org/pypi/captum/json	pypi json captum (captum)
F0231	2026-09-26T20:02:34Z	200	32919	53a4ff848d9cdd41f926a57eeb5bf70656bed4154bdd7ec83a643e81c2f42f4a	https://packages.ecosyste.ms/api/v1/registries/pypi.org/packages/captum	ecosystems pypi downloads captum (captum)
F0232	2026-09-26T20:02:34Z	200	11538	361f4c0d90c051bf8ecc3879e2198875b09526142537061bb24d969b895a7bba	https://repos.ecosyste.ms/api/v1/hosts/GitHub/repositories/interpretml%2Finterpret	ecosystems repo interpretml/interpret (interpret)
F0233	2026-09-26T20:02:34Z	200	88764	75acda25ab30a99f2062c0220a8c54f66e199d5fc11eb7553f7a1c49ef847f3e	https://pypi.org/pypi/interpret/json	pypi json interpret (interpret)
F0234	2026-09-26T20:02:34Z	200	57907	819d8e559382105a4ac6e3ab1f8e34e20166a5af8ce6f5a25367b5c8f2907173	https://packages.ecosyste.ms/api/v1/registries/pypi.org/packages/interpret	ecosystems pypi downloads interpret (interpret)
F0235	2026-09-26T20:03:07Z	200	18351	a2b3e22971cedc8f7b43b3e9d8f9deaa3093d6e0b4f2913294d10014d6cc3845	https://repos.ecosyste.ms/api/v1/hosts/GitHub/repositories/lightgbm-org%2FLightGBM	ecosystems repo retry lightgbm-org%2FLightGBM
F0236	2026-09-26T20:03:07Z	200	3649	3194c55d03e87474cfe2b436a65233d80139d8625da05ef5aa9ab67cd8825cd6	https://repos.ecosyste.ms/api/v1/hosts/GitHub/repositories/torchgeo%2Ftorchgeo	ecosystems repo retry torchgeo%2Ftorchgeo
F0237	2026-09-26T20:03:08Z	200	26603	da97bb8e45078ef98fd59a2c7c145d22890b27928c012acde81fe87287e04f09	https://repos.ecosyste.ms/api/v1/hosts/GitHub/repositories/meta-pytorch%2Fcaptum	ecosystems repo retry meta-pytorch%2Fcaptum
F0238	2026-09-26T20:03:08Z	404	32	648584acecbc9e40f39145d268a9fb68964f2fac8774773bea29a23e3c741261	https://repos.ecosyste.ms/api/v1/hosts/GitHub/repositories/rapidsai%2Fcuml	ecosystems repo retry rapidsai%2Fcuml
F0239	2026-09-26T20:03:08Z	429	231	107f892917d97aab27965d481d03973eadc200e8c8c996621a7fe9d38d49e454	https://ungh.cc/repos/rapidsai/cuml	ungh repo rapidsai/cuml
F0240	2026-09-26T20:03:09Z	429	231	107f892917d97aab27965d481d03973eadc200e8c8c996621a7fe9d38d49e454	https://ungh.cc/repos/THU-MIG/yolov10	ungh repo THU-MIG/yolov10
F0241	2026-09-26T20:03:10Z	429	231	107f892917d97aab27965d481d03973eadc200e8c8c996621a7fe9d38d49e454	https://ungh.cc/repos/limix-ldm/LimiX	ungh repo limix-ldm/LimiX
F0242	2026-09-26T20:03:11Z	200	308	272d05e26108dccfd6d1bd1da9ca33023ee5d5cfb267c5707014b39c5d92dc57	https://ungh.cc/repos/pytorch/captum	ungh repo pytorch/captum
F0243	2026-09-26T20:03:12Z	403	84	b3fffcb28f141fa636073a7861fa42fcdb0dcd62726aed2c60d76da6acc55e8d	https://ungh.cc/repos/microsoft/LightGBM	ungh repo microsoft/LightGBM
F0244	2026-09-26T20:03:13Z	000000	0		https://ungh.cc/repos/microsoft/torchgeo	ungh repo microsoft/torchgeo
F0245	2026-09-26T20:03:39Z	200	288	4481d2f2866ebd6dc4260360d3138776a62fad8c980d8a5893a9540cbde279f0	https://ungh.cc/repos/rapidsai/cuml	ungh repo retry rapidsai/cuml
F0246	2026-09-26T20:03:44Z	200	314	ae30fa6432ad2cbe84ceb861a91691d91e3558aa31abded5bd11b41149dae3e5	https://ungh.cc/repos/THU-MIG/yolov10	ungh repo retry THU-MIG/yolov10
F0247	2026-09-26T20:03:50Z	200	366	8f75219340f8037670a058e69c46139b9a34c1201cbd9a6d18291dc1758dc5fa	https://ungh.cc/repos/limix-ldm/LimiX	ungh repo retry limix-ldm/LimiX
F0248	2026-09-26T20:03:56Z	200	337	9edd949860314868a3e92c5f8d1cb7ce3d28a07806e9b08debfbc6f36e6b7ff8	https://ungh.cc/repos/microsoft/torchgeo	ungh repo retry microsoft/torchgeo
F0249	2026-09-26T20:04:15Z	200	20438	39448963a6fd026ef4bba97db498a535d360a412a1858e743765961e5edb8d7d	https://repos.ecosyste.ms/api/v1/hosts/GitHub/repositories/NVIDIA%2Fcuml	ecosystems repo retry NVIDIA%2Fcuml
F0250	2026-09-26T20:04:16Z	200	3306	d5cf3f6f57e73617bae0aed635ee57b28d1fd893b303819915ac0a66995fc2fd	https://repos.ecosyste.ms/api/v1/hosts/GitHub/repositories/limix-ldm-ai%2FLimiX	ecosystems repo retry limix-ldm-ai%2FLimiX
F0251	2026-09-26T20:04:16Z	404	32	648584acecbc9e40f39145d268a9fb68964f2fac8774773bea29a23e3c741261	https://repos.ecosyste.ms/api/v1/hosts/GitHub/repositories/THU-MIG%2Fyolov10	ecosystems repo retry THU-MIG%2Fyolov10
F0252	2026-09-26T20:04:16Z	404	14	d5558cd419c8d46bdc958064cb97f963d1ea793866414c025906ec15033512ed	https://raw.githubusercontent.com/scikit-learn/scikit-learn/HEAD/LICENSE	license text scikit-learn/scikit-learn (LICENSE)
F0253	2026-09-26T20:04:17Z	200	1121	ca70f15d841f7e76c8bbd284d25300cd4ae2ef1035e7e5252b13b73449464305	https://raw.githubusercontent.com/lightgbm-org/LightGBM/HEAD/LICENSE	license text lightgbm-org/LightGBM (LICENSE)
F0254	2026-09-26T20:04:17Z	200	11349	b96f9cead5f4ea4c0a217bd9d879427443a353598fb72694f2d8c4428b53a6af	https://raw.githubusercontent.com/dmlc/xgboost/HEAD/LICENSE	license text dmlc/xgboost (LICENSE)
F0255	2026-09-26T20:04:16Z	200	11370	a2574dd20dd0af8e0bd25b34b38c1bb11912ff319ee4f41436395df0b1d19309	https://raw.githubusercontent.com/catboost/catboost/HEAD/LICENSE	license text catboost/catboost (LICENSE)
F0256	2026-09-26T20:04:17Z	404	14	d5558cd419c8d46bdc958064cb97f963d1ea793866414c025906ec15033512ed	https://raw.githubusercontent.com/statsmodels/statsmodels/HEAD/LICENSE	license text statsmodels/statsmodels (LICENSE)
F0257	2026-09-26T20:04:17Z	200	1125	fbcab88e3daf0f2f9248f5a774e97915b7a1a36da76a78c6a5baaa07095ef644	https://raw.githubusercontent.com/scikit-learn-contrib/imbalanced-learn/HEAD/LICENSE	license text scikit-learn-contrib/imbalanced-learn (LICENSE)
F0258	2026-09-26T20:04:17Z	404	14	d5558cd419c8d46bdc958064cb97f963d1ea793866414c025906ec15033512ed	https://raw.githubusercontent.com/scikit-learn/scikit-learn/HEAD/LICENSE.md	license text scikit-learn/scikit-learn (LICENSE.md)
F0259	2026-09-26T20:04:17Z	200	1313	2aad003d1faca304e013f82e5088e8cb1c364470d4755e1e2175922a9872bf56	https://raw.githubusercontent.com/yzhao062/pyod/HEAD/LICENSE	license text yzhao062/pyod (LICENSE)
F0260	2026-09-26T20:04:17Z	404	14	d5558cd419c8d46bdc958064cb97f963d1ea793866414c025906ec15033512ed	https://raw.githubusercontent.com/statsmodels/statsmodels/HEAD/LICENSE.md	license text statsmodels/statsmodels (LICENSE.md)
F0261	2026-09-26T20:04:17Z	404	14	d5558cd419c8d46bdc958064cb97f963d1ea793866414c025906ec15033512ed	https://raw.githubusercontent.com/lmcinnes/umap/HEAD/LICENSE	license text lmcinnes/umap (LICENSE)
F0262	2026-09-26T20:04:17Z	200	1484	d5be17fef04ce2213c09a3fffec11021065eaff565733c46ef287248b353a081	https://raw.githubusercontent.com/scikit-learn-contrib/hdbscan/HEAD/LICENSE	license text scikit-learn-contrib/hdbscan (LICENSE)
F0263	2026-09-26T20:04:17Z	200	11348	063672caf44c3db40901b3bae61f3e7174fe5777fbb550edc92ada2ad8d62877	https://raw.githubusercontent.com/NVIDIA/cuml/HEAD/LICENSE	license text NVIDIA/cuml (LICENSE)
F0264	2026-09-26T20:04:17Z	200	1528	e87f2c8f1ba611702af10cba745e6ceb773d32310135ed55aa2722c55dd0d077	https://raw.githubusercontent.com/online-ml/river/HEAD/LICENSE	license text online-ml/river (LICENSE)
F0265	2026-09-26T20:04:17Z	200	1636	1ca78e1dec9dcebc55f3b96a862317f23e76422c5fc943568d955aad1f6b5fad	https://raw.githubusercontent.com/statsmodels/statsmodels/HEAD/LICENSE.txt	license text statsmodels/statsmodels (LICENSE.txt)
F0266	2026-09-26T20:04:17Z	404	14	d5558cd419c8d46bdc958064cb97f963d1ea793866414c025906ec15033512ed	https://raw.githubusercontent.com/lmcinnes/umap/HEAD/LICENSE.md	license text lmcinnes/umap (LICENSE.md)
F0267	2026-09-26T20:04:17Z	404	14	d5558cd419c8d46bdc958064cb97f963d1ea793866414c025906ec15033512ed	https://raw.githubusercontent.com/scikit-learn/scikit-learn/HEAD/LICENSE.txt	license text scikit-learn/scikit-learn (LICENSE.txt)
F0268	2026-09-26T20:04:17Z	404	14	d5558cd419c8d46bdc958064cb97f963d1ea793866414c025906ec15033512ed	https://raw.githubusercontent.com/skrub-data/skrub/HEAD/LICENSE	license text skrub-data/skrub (LICENSE)
F0269	2026-09-26T20:04:17Z	404	14	d5558cd419c8d46bdc958064cb97f963d1ea793866414c025906ec15033512ed	https://raw.githubusercontent.com/mlpack/mlpack/HEAD/LICENSE	license text mlpack/mlpack (LICENSE)
F0270	2026-09-26T20:04:17Z	200	11315	648ae6159fa8c8ff8044cdf0ae36b56f3b0ee87ba0a4f81935883fb895d08019	https://raw.githubusercontent.com/h2oai/h2o-3/HEAD/LICENSE	license text h2oai/h2o-3 (LICENSE)
F0271	2026-09-26T20:04:17Z	200	1514	46fc974145ef85e0992ac3173d03ffe6cdf2611292950e323c5a69b9ca35ff1e	https://raw.githubusercontent.com/lmcinnes/umap/HEAD/LICENSE.txt	license text lmcinnes/umap (LICENSE.txt)
F0272	2026-09-26T20:04:17Z	200	1128	3f4378e67708fecacd3e27651c8bc0f977cf20789e19da0d81a2840e7cf573a2	https://raw.githubusercontent.com/explosion/spaCy/HEAD/LICENSE	license text explosion/spaCy (LICENSE)
F0273	2026-09-26T20:04:17Z	404	14	d5558cd419c8d46bdc958064cb97f963d1ea793866414c025906ec15033512ed	https://raw.githubusercontent.com/skrub-data/skrub/HEAD/LICENSE.md	license text skrub-data/skrub (LICENSE.md)
F0274	2026-09-26T20:04:17Z	404	14	d5558cd419c8d46bdc958064cb97f963d1ea793866414c025906ec15033512ed	https://raw.githubusercontent.com/mlpack/mlpack/HEAD/LICENSE.md	license text mlpack/mlpack (LICENSE.md)
F0275	2026-09-26T20:04:18Z	404	14	d5558cd419c8d46bdc958064cb97f963d1ea793866414c025906ec15033512ed	https://raw.githubusercontent.com/nltk/nltk/HEAD/LICENSE	license text nltk/nltk (LICENSE)
F0276	2026-09-26T20:04:18Z	200	1532	50d6a9d340f19ab355609917993114daf5f47e3161067bcf34955bbd05cd9cb0	https://raw.githubusercontent.com/scikit-learn/scikit-learn/HEAD/COPYING	license text scikit-learn/scikit-learn (COPYING)
F0277	2026-09-26T20:04:18Z	404	14	d5558cd419c8d46bdc958064cb97f963d1ea793866414c025906ec15033512ed	https://raw.githubusercontent.com/piskvorky/gensim/HEAD/LICENSE	license text piskvorky/gensim (LICENSE)
F0278	2026-09-26T20:04:18Z	200	1562	808b646ee1ef1b82ca041fbb2b386f653076e114a431d81ebc92de7683d0f6eb	https://raw.githubusercontent.com/skrub-data/skrub/HEAD/LICENSE.txt	license text skrub-data/skrub (LICENSE.txt)
F0279	2026-09-26T20:04:18Z	200	2056	434ceba584391c374b503a46325906ee34ddb5700c7e63152d7c7cdaa05bcb30	https://raw.githubusercontent.com/mlpack/mlpack/HEAD/LICENSE.txt	license text mlpack/mlpack (LICENSE.txt)
F0280	2026-09-26T20:04:18Z	200	603	9e65adb49698e6f81223d81bae0ee00ac4ddf3cb8d429b85ef85e38b95ea8a50	https://raw.githubusercontent.com/stanfordnlp/stanza/HEAD/LICENSE	license text stanfordnlp/stanza (LICENSE)
F0281	2026-09-26T20:04:18Z	404	14	d5558cd419c8d46bdc958064cb97f963d1ea793866414c025906ec15033512ed	https://raw.githubusercontent.com/piskvorky/gensim/HEAD/LICENSE.md	license text piskvorky/gensim (LICENSE.md)
F0282	2026-09-26T20:04:18Z	404	14	d5558cd419c8d46bdc958064cb97f963d1ea793866414c025906ec15033512ed	https://raw.githubusercontent.com/nltk/nltk/HEAD/LICENSE.md	license text nltk/nltk (LICENSE.md)
F0283	2026-09-26T20:04:18Z	200	1166	6dfff442c5ddcd94ce2e116d4a9094eef1d42d70b86a57b5a42053dfdffb0864	https://raw.githubusercontent.com/flairNLP/flair/HEAD/LICENSE	license text flairNLP/flair (LICENSE)
F0284	2026-09-26T20:04:18Z	200	1080	d9cfdfdf548c48712f05c67eb76c79e7c9f45cba78db50794b780e3564b85ef7	https://raw.githubusercontent.com/facebookresearch/fastText/HEAD/LICENSE	license text facebookresearch/fastText (LICENSE)
F0285	2026-09-26T20:04:18Z	404	14	d5558cd419c8d46bdc958064cb97f963d1ea793866414c025906ec15033512ed	https://raw.githubusercontent.com/stanfordnlp/CoreNLP/HEAD/LICENSE	license text stanfordnlp/CoreNLP (LICENSE)
F0286	2026-09-26T20:04:18Z	200	1064	906b5d9051e426144cb173ad911667b8ebd05a9c584c2c26c135b32a3ed12001	https://raw.githubusercontent.com/sloria/TextBlob/HEAD/LICENSE	license text sloria/TextBlob (LICENSE)
F0287	2026-09-26T20:04:18Z	404	14	d5558cd419c8d46bdc958064cb97f963d1ea793866414c025906ec15033512ed	https://raw.githubusercontent.com/piskvorky/gensim/HEAD/LICENSE.txt	license text piskvorky/gensim (LICENSE.txt)
F0288	2026-09-26T20:04:18Z	200	11358	cfc7749b96f63bd31c3c42b5c471bf756814053e847c10f3eb003417bc523d30	https://raw.githubusercontent.com/nltk/nltk/HEAD/LICENSE.txt	license text nltk/nltk (LICENSE.txt)
F0289	2026-09-26T20:04:18Z	404	14	d5558cd419c8d46bdc958064cb97f963d1ea793866414c025906ec15033512ed	https://raw.githubusercontent.com/stanfordnlp/CoreNLP/HEAD/LICENSE.md	license text stanfordnlp/CoreNLP (LICENSE.md)
F0290	2026-09-26T20:04:18Z	200	11358	cfc7749b96f63bd31c3c42b5c471bf756814053e847c10f3eb003417bc523d30	https://raw.githubusercontent.com/opencv/opencv/HEAD/LICENSE	license text opencv/opencv (LICENSE)
F0291	2026-09-26T20:04:18Z	404	14	d5558cd419c8d46bdc958064cb97f963d1ea793866414c025906ec15033512ed	https://raw.githubusercontent.com/opencv/opencv-python/HEAD/LICENSE	license text opencv/opencv-python (LICENSE)
F0292	2026-09-26T20:04:18Z	200	26530	dc626520dcd53a22f727af3ee42c770e56c97a64fe3adb063799d8ab032fe551	https://raw.githubusercontent.com/piskvorky/gensim/HEAD/COPYING	license text piskvorky/gensim (COPYING)
F0293	2026-09-26T20:04:18Z	200	11343	71b111620fa32c17a80ccd6db2da759d31a591e497d8b5f382174f59d1b59d49	https://raw.githubusercontent.com/huggingface/pytorch-image-models/HEAD/LICENSE	license text huggingface/pytorch-image-models (LICENSE)
F0294	2026-09-26T20:04:18Z	200	1517	6502f676851cfe25f8af75531dfb32375b7325b73c37e7b43741fa422893e71d	https://raw.githubusercontent.com/pytorch/vision/HEAD/LICENSE	license text pytorch/vision (LICENSE)
F0295	2026-09-26T20:04:18Z	200	35147	8ceb4b9ee5adedde47b31e975c1d90c73ad27b6b165a1dcd80c7c545eb65b903	https://raw.githubusercontent.com/stanfordnlp/CoreNLP/HEAD/LICENSE.txt	license text stanfordnlp/CoreNLP (LICENSE.txt)
F0296	2026-09-26T20:04:18Z	200	34523	0d96a4ff68ad6d4b6f1f30f713b18d5184912ba8dd389f86aa7710db079abcb0	https://raw.githubusercontent.com/ultralytics/ultralytics/HEAD/LICENSE	license text ultralytics/ultralytics (LICENSE)
F0297	2026-09-26T20:04:19Z	404	14	d5558cd419c8d46bdc958064cb97f963d1ea793866414c025906ec15033512ed	https://raw.githubusercontent.com/opencv/opencv-python/HEAD/LICENSE.md	license text opencv/opencv-python (LICENSE.md)
F0298	2026-09-26T20:04:19Z	200	10256	ceb78ee847e76f67a6a521a5732dc3373aed07eee003d738a572dc96705f08ff	https://raw.githubusercontent.com/facebookresearch/detectron2/HEAD/LICENSE	license text facebookresearch/detectron2 (LICENSE)
F0299	2026-09-26T20:04:19Z	200	11398	874b8b2e6f12306a1ff7812c068a0dbf880418b8ac1f7190382bd6c6da9f23a1	https://raw.githubusercontent.com/open-mmlab/mmdetection/HEAD/LICENSE	license text open-mmlab/mmdetection (LICENSE)
F0300	2026-09-26T20:04:19Z	200	11422	98b89585ea28b480797870476cd82584425432d1badbe01ac2b9b9bc9cbc2a9b	https://raw.githubusercontent.com/open-mmlab/mmsegmentation/HEAD/LICENSE	license text open-mmlab/mmsegmentation (LICENSE)
F0301	2026-09-26T20:04:19Z	200	11413	866d999d3ca92d2c5dc9b0afc941c5fac6529e2d180fc638274f91f7fce161d7	https://raw.githubusercontent.com/open-mmlab/mmcv/HEAD/LICENSE	license text open-mmlab/mmcv (LICENSE)
F0302	2026-09-26T20:04:19Z	200	11395	ffc7483c44a441f9c09b8df25d1dbcb8e266750072771b32d08a0970fb8c2e8d	https://raw.githubusercontent.com/open-mmlab/mmpretrain/HEAD/LICENSE	license text open-mmlab/mmpretrain (LICENSE)
F0303	2026-09-26T20:04:19Z	200	1070	09d719058e782ac7bc71ba21c944e1136cde2bb957c0e888121f0218d6b5f02c	https://raw.githubusercontent.com/opencv/opencv-python/HEAD/LICENSE.txt	license text opencv/opencv-python (LICENSE.txt)
F0304	2026-09-26T20:04:19Z	200	11400	aa2c6f3408169b96e5547c875deb481c91502514c1885fa0acb4b596c8909cb9	https://raw.githubusercontent.com/open-mmlab/mmpose/HEAD/LICENSE	license text open-mmlab/mmpose (LICENSE)
F0305	2026-09-26T20:04:19Z	200	10173	a6cba85bc92e0cff7a450b1d873c0eaa2e9fc96bf472df0247a26bec77bf3ff9	https://raw.githubusercontent.com/kornia/kornia/HEAD/LICENSE	license text kornia/kornia (LICENSE)
F0306	2026-09-26T20:04:19Z	200	1114	bea4dc8e93ae2784bccd45f1cdba53da97b99646bca390c7d725e17b72dc2180	https://raw.githubusercontent.com/albumentations-team/albumentations/HEAD/LICENSE	license text albumentations-team/albumentations (LICENSE)
F0307	2026-09-26T20:04:19Z	200	34523	0d96a4ff68ad6d4b6f1f30f713b18d5184912ba8dd389f86aa7710db079abcb0	https://raw.githubusercontent.com/albumentations-team/AlbumentationsX/HEAD/LICENSE	license text albumentations-team/AlbumentationsX (LICENSE)
F0308	2026-09-26T20:04:19Z	404	14	d5558cd419c8d46bdc958064cb97f963d1ea793866414c025906ec15033512ed	https://raw.githubusercontent.com/roboflow/supervision/HEAD/LICENSE	license text roboflow/supervision (LICENSE)
F0309	2026-09-26T20:04:19Z	404	14	d5558cd419c8d46bdc958064cb97f963d1ea793866414c025906ec15033512ed	https://raw.githubusercontent.com/scikit-image/scikit-image/HEAD/LICENSE	license text scikit-image/scikit-image (LICENSE)
F0310	2026-09-26T20:04:19Z	200	12331	8707eef0533987efc5b155d64761eeb6e20793f50b9bd1a68dad1cf4719d0ed8	https://raw.githubusercontent.com/google-ai-edge/mediapipe/HEAD/LICENSE	license text google-ai-edge/mediapipe (LICENSE)
F0311	2026-09-26T20:04:19Z	200	11357	c71d239df91726fc519c6eb72d318ec65820627232b2f796219e87dcf35d0ab4	https://raw.githubusercontent.com/PaddlePaddle/PaddleDetection/HEAD/LICENSE	license text PaddlePaddle/PaddleDetection (LICENSE)
F0312	2026-09-26T20:04:19Z	200	11325	accc36c817ac5ede473d05732e14afc11cb6e55ef5919bc826b653f631165043	https://raw.githubusercontent.com/PaddlePaddle/PaddleX/HEAD/LICENSE	license text PaddlePaddle/PaddleX (LICENSE)
F0313	2026-09-26T20:04:19Z	200	1065	72bb009f9633af978da6c49f3a927a83d04ddf8ed992492f6f2a62122de95227	https://raw.githubusercontent.com/roboflow/supervision/HEAD/LICENSE.md	license text roboflow/supervision (LICENSE.md)
F0314	2026-09-26T20:04:19Z	200	11357	c71d239df91726fc519c6eb72d318ec65820627232b2f796219e87dcf35d0ab4	https://raw.githubusercontent.com/Project-MONAI/MONAI/HEAD/LICENSE	license text Project-MONAI/MONAI (LICENSE)
F0315	2026-09-26T20:04:19Z	404	14	d5558cd419c8d46bdc958064cb97f963d1ea793866414c025906ec15033512ed	https://raw.githubusercontent.com/scikit-image/scikit-image/HEAD/LICENSE.md	license text scikit-image/scikit-image (LICENSE.md)
F0316	2026-09-26T20:04:19Z	404	14	d5558cd419c8d46bdc958064cb97f963d1ea793866414c025906ec15033512ed	https://raw.githubusercontent.com/lightly-ai/lightly/HEAD/LICENSE	license text lightly-ai/lightly (LICENSE)
F0317	2026-09-26T20:04:19Z	200	34523	8486a10c4393cee1c25392769ddd3b2d6c242d6ec7928e1414efff7dfb2f07ef	https://raw.githubusercontent.com/lightly-ai/lightly-train/HEAD/LICENSE	license text lightly-ai/lightly-train (LICENSE)
F0318	2026-09-26T20:04:19Z	200	11357	c71d239df91726fc519c6eb72d318ec65820627232b2f796219e87dcf35d0ab4	https://raw.githubusercontent.com/fastai/fastai/HEAD/LICENSE	license text fastai/fastai (LICENSE)
F0319	2026-09-26T20:04:19Z	404	14	d5558cd419c8d46bdc958064cb97f963d1ea793866414c025906ec15033512ed	https://raw.githubusercontent.com/davisking/dlib/HEAD/LICENSE	license text davisking/dlib (LICENSE)
F0320	2026-09-26T20:04:19Z	200	6435	611d3207504dcb4a808df209d2e7c9b4f2e89fe690f84735c0d548160966b527	https://raw.githubusercontent.com/scikit-image/scikit-image/HEAD/LICENSE.txt	license text scikit-image/scikit-image (LICENSE.txt)
F0321	2026-09-26T20:04:19Z	404	14	d5558cd419c8d46bdc958064cb97f963d1ea793866414c025906ec15033512ed	https://raw.githubusercontent.com/deepinsight/insightface/HEAD/LICENSE	license text deepinsight/insightface (LICENSE)
F0322	2026-09-26T20:04:20Z	404	14	d5558cd419c8d46bdc958064cb97f963d1ea793866414c025906ec15033512ed	https://raw.githubusercontent.com/lightly-ai/lightly/HEAD/LICENSE.md	license text lightly-ai/lightly (LICENSE.md)
F0323	2026-09-26T20:04:20Z	200	1073	4d5a8ea5a4f49662b5a025ab34fd501a1c1e3028f4af3952a9a8e0aa1ba6d232	https://raw.githubusercontent.com/torchgeo/torchgeo/HEAD/LICENSE	license text torchgeo/torchgeo (LICENSE)
F0324	2026-09-26T20:04:20Z	404	14	d5558cd419c8d46bdc958064cb97f963d1ea793866414c025906ec15033512ed	https://raw.githubusercontent.com/davisking/dlib/HEAD/LICENSE.md	license text davisking/dlib (LICENSE.md)
F0325	2026-09-26T20:04:20Z	200	11349	4103450ae46b27f086a55e075be160f57b06a534ee3d09b570050e0ec4b84a89	https://raw.githubusercontent.com/voxel51/fiftyone/HEAD/LICENSE	license text voxel51/fiftyone (LICENSE)
F0326	2026-09-26T20:04:20Z	200	459	b12d19f919ff23ab931d8795703be3e49e97ef8c6c7ad7e3eb156590d90d242a	https://raw.githubusercontent.com/roboflow/inference/HEAD/LICENSE	license text roboflow/inference (LICENSE)
F0327	2026-09-26T20:04:20Z	404	14	d5558cd419c8d46bdc958064cb97f963d1ea793866414c025906ec15033512ed	https://raw.githubusercontent.com/deepinsight/insightface/HEAD/LICENSE.md	license text deepinsight/insightface (LICENSE.md)
F0328	2026-09-26T20:04:20Z	200	1073	d9b9bdb8569b419dd891bfd269253fb946c08f6fa1b5ce96250992ffae6a0f4d	https://raw.githubusercontent.com/lightly-ai/lightly/HEAD/LICENSE.txt	license text lightly-ai/lightly (LICENSE.txt)
F0329	2026-09-26T20:04:20Z	200	1337	8d8291caf1cee26d23acf3eb67c9f9a2d58f1c681b16a4fbe8cbfb9e3c0b5a9b	https://raw.githubusercontent.com/davisking/dlib/HEAD/LICENSE.txt	license text davisking/dlib (LICENSE.txt)
F0330	2026-09-26T20:04:20Z	200	11359	600cc67cc4cb2f5ea317dcfc687ad1c74dc4bec8782bbe9db0afd83513b935b7	https://raw.githubusercontent.com/facebookresearch/dinov2/HEAD/LICENSE	license text facebookresearch/dinov2 (LICENSE)
F0331	2026-09-26T20:04:20Z	404	14	d5558cd419c8d46bdc958064cb97f963d1ea793866414c025906ec15033512ed	https://raw.githubusercontent.com/deepinsight/insightface/HEAD/LICENSE.txt	license text deepinsight/insightface (LICENSE.txt)
F0332	2026-09-26T20:04:20Z	404	14	d5558cd419c8d46bdc958064cb97f963d1ea793866414c025906ec15033512ed	https://raw.githubusercontent.com/facebookresearch/dinov3/HEAD/LICENSE	license text facebookresearch/dinov3 (LICENSE)
F0333	2026-09-26T20:04:20Z	200	7353	4dea99bfaa016e21bc860d73f344236bd1e5c4977d1a9a8fd32f822b500ae1be	https://raw.githubusercontent.com/facebookresearch/sam3/HEAD/LICENSE	license text facebookresearch/sam3 (LICENSE)
F0334	2026-09-26T20:04:20Z	200	11355	78446e29c48900cda82620a8df183cca61f0a595e05a49d0401a5fd604dd1870	https://raw.githubusercontent.com/ByteDance-Seed/Depth-Anything-3/HEAD/LICENSE	license text ByteDance-Seed/Depth-Anything-3 (LICENSE)
F0335	2026-09-26T20:04:20Z	200	11357	c71d239df91726fc519c6eb72d318ec65820627232b2f796219e87dcf35d0ab4	https://raw.githubusercontent.com/DepthAnything/Depth-Anything-V2/HEAD/LICENSE	license text DepthAnything/Depth-Anything-V2 (LICENSE)
F0336	2026-09-26T20:04:20Z	200	11357	c71d239df91726fc519c6eb72d318ec65820627232b2f796219e87dcf35d0ab4	https://raw.githubusercontent.com/lyuwenyu/RT-DETR/HEAD/LICENSE	license text lyuwenyu/RT-DETR (LICENSE)
F0337	2026-09-26T20:04:20Z	404	14	d5558cd419c8d46bdc958064cb97f963d1ea793866414c025906ec15033512ed	https://raw.githubusercontent.com/deepinsight/insightface/HEAD/COPYING	license text deepinsight/insightface (COPYING)
F0338	2026-09-26T20:04:20Z	200	11345	8cabf52c61130fc97a7e5da5e3685ccf44841c0c53d6f881189369b136603cca	https://raw.githubusercontent.com/roboflow/rf-detr/HEAD/LICENSE	license text roboflow/rf-detr (LICENSE)
F0339	2026-09-26T20:04:20Z	200	7503	25d122eb8f5b880fd23c736fb6ea8018ee45c12237e00b8a86d14c653904999e	https://raw.githubusercontent.com/facebookresearch/dinov3/HEAD/LICENSE.md	license text facebookresearch/dinov3 (LICENSE.md)
F0340	2026-09-26T20:04:20Z	200	11357	c71d239df91726fc519c6eb72d318ec65820627232b2f796219e87dcf35d0ab4	https://raw.githubusercontent.com/Peterande/D-FINE/HEAD/LICENSE	license text Peterande/D-FINE (LICENSE)
F0341	2026-09-26T20:04:20Z	200	11564	f25a3c7b894c50f203813bc72183a22124c89c27b15d420b92e4621ca4b0f9cf	https://raw.githubusercontent.com/Intellindust-AI-Lab/DEIM/HEAD/LICENSE	license text Intellindust-AI-Lab/DEIM (LICENSE)
F0342	2026-09-26T20:04:20Z	404	14	d5558cd419c8d46bdc958064cb97f963d1ea793866414c025906ec15033512ed	https://raw.githubusercontent.com/deepinsight/insightface/HEAD/LICENSE.rst	license text deepinsight/insightface (LICENSE.rst)
F0343	2026-09-26T20:04:20Z	200	34523	8486a10c4393cee1c25392769ddd3b2d6c242d6ec7928e1414efff7dfb2f07ef	https://raw.githubusercontent.com/sunsmarterjie/yolov12/HEAD/LICENSE	license text sunsmarterjie/yolov12 (LICENSE)
F0344	2026-09-26T20:04:21Z	200	34523	0d96a4ff68ad6d4b6f1f30f713b18d5184912ba8dd389f86aa7710db079abcb0	https://raw.githubusercontent.com/THU-MIG/yolov10/HEAD/LICENSE	license text THU-MIG/yolov10 (LICENSE)
F0345	2026-09-26T20:04:21Z	404	14	d5558cd419c8d46bdc958064cb97f963d1ea793866414c025906ec15033512ed	https://raw.githubusercontent.com/WongKinYiu/yolov9/HEAD/LICENSE	license text WongKinYiu/yolov9 (LICENSE)
F0346	2026-09-26T20:04:21Z	200	1066	92a7089e0915fc32bc40067560b398f1e6a7a5958abd7d04eda393629a5acefb	https://raw.githubusercontent.com/ZhengPeng7/BiRefNet/HEAD/LICENSE	license text ZhengPeng7/BiRefNet (LICENSE)
F0347	2026-09-26T20:04:21Z	200	4065	f549820c06519e3105e5174a2fd7285224ffd2268a7f879a843b1a255fd04a61	https://raw.githubusercontent.com/NVlabs/SegFormer/HEAD/LICENSE	license text NVlabs/SegFormer (LICENSE)
F0348	2026-09-26T20:04:21Z	404	14	d5558cd419c8d46bdc958064cb97f963d1ea793866414c025906ec15033512ed	https://raw.githubusercontent.com/deepinsight/insightface/HEAD/COPYING.txt	license text deepinsight/insightface (COPYING.txt)
F0349	2026-09-26T20:04:21Z	200	1054	99566a874d9decd98dc3cea026c314ad255d8798d7d51e121fe1413f4d2750bb	https://raw.githubusercontent.com/facebookresearch/Mask2Former/HEAD/LICENSE	license text facebookresearch/Mask2Former (LICENSE)
F0350	2026-09-26T20:04:21Z	200	19921	327a71fc6dde573ec05f9b931c63da6561c9622258bb8636fe5d353ec92c1dd8	https://raw.githubusercontent.com/facebookresearch/sapiens/HEAD/LICENSE	license text facebookresearch/sapiens (LICENSE)
F0351	2026-09-26T20:04:21Z	200	35149	3972dc9744f6499f0f9b2dbf76696f2ae7ad8af9b23dde66d6af86c9dfb36986	https://raw.githubusercontent.com/WongKinYiu/yolov9/HEAD/LICENSE.md	license text WongKinYiu/yolov9 (LICENSE.md)
F0352	2026-09-26T20:04:21Z	200	1094	0299d15a2f1a7f03c2577fecb7bac793ac558a29e89bec9f6bddf29c850a2812	https://raw.githubusercontent.com/tue-mps/eomt/HEAD/LICENSE	license text tue-mps/eomt (LICENSE)
F0353	2026-09-26T20:04:21Z	200	11355	b403c98ec1ffaccb0124632592a3d99642cddc3031ca412b402568e6c06c202a	https://raw.githubusercontent.com/IDEA-Research/GroundingDINO/HEAD/LICENSE	license text IDEA-Research/GroundingDINO (LICENSE)
F0354	2026-09-26T20:04:21Z	404	14	d5558cd419c8d46bdc958064cb97f963d1ea793866414c025906ec15033512ed	https://raw.githubusercontent.com/facebookresearch/co-tracker/HEAD/LICENSE	license text facebookresearch/co-tracker (LICENSE)
F0355	2026-09-26T20:04:21Z	200	11358	cfc7749b96f63bd31c3c42b5c471bf756814053e847c10f3eb003417bc523d30	https://raw.githubusercontent.com/PriorLabs/TabPFN/HEAD/LICENSE	license text PriorLabs/TabPFN (LICENSE)
F0356	2026-09-26T20:04:21Z	200	12996	c959a1db8bc4b2f41c315a9b077c822372a4a84e1a83636bdb962715aaae6874	https://raw.githubusercontent.com/soda-inria/tabicl/HEAD/LICENSE	license text soda-inria/tabicl (LICENSE)
F0357	2026-09-26T20:04:21Z	200	11357	c71d239df91726fc519c6eb72d318ec65820627232b2f796219e87dcf35d0ab4	https://raw.githubusercontent.com/SAP-samples/sap-rpt-1-oss/HEAD/LICENSE	license text SAP-samples/sap-rpt-1-oss (LICENSE)
F0358	2026-09-26T20:04:21Z	404	14	d5558cd419c8d46bdc958064cb97f963d1ea793866414c025906ec15033512ed	https://raw.githubusercontent.com/limix-ldm-ai/LimiX/HEAD/LICENSE	license text limix-ldm-ai/LimiX (LICENSE)
F0359	2026-09-26T20:04:21Z	200	1533	4f5bdd0f809b9e09f22eab0459a5b8f35fc18fc0207eeadbc2f6107288d2132d	https://raw.githubusercontent.com/sktime/sktime/HEAD/LICENSE	license text sktime/sktime (LICENSE)
F0360	2026-09-26T20:04:21Z	200	19332	1d8ca66080a2701508a70be4ddad4be28c509bcc3397a682fb8edf767fdd7a00	https://raw.githubusercontent.com/facebookresearch/co-tracker/HEAD/LICENSE.md	license text facebookresearch/co-tracker (LICENSE.md)
F0361	2026-09-26T20:04:21Z	200	11338	a9f5092af3beb16a4e210725e991ebfc9bcca4420644730e969f8418173eb31e	https://raw.githubusercontent.com/unit8co/darts/HEAD/LICENSE	license text unit8co/darts (LICENSE)
F0362	2026-09-26T20:04:21Z	200	11336	801dc3c84e5d4bee31962f29132c112d127de8ed7536f4194a4397516a8e05b9	https://raw.githubusercontent.com/Nixtla/statsforecast/HEAD/LICENSE	license text Nixtla/statsforecast (LICENSE)
F0363	2026-09-26T20:04:21Z	404	14	d5558cd419c8d46bdc958064cb97f963d1ea793866414c025906ec15033512ed	https://raw.githubusercontent.com/limix-ldm-ai/LimiX/HEAD/LICENSE.md	license text limix-ldm-ai/LimiX (LICENSE.md)
F0364	2026-09-26T20:04:21Z	200	11336	d392f3d2969e354d7e6aef8fc6df5590ef5c20eea4b946191bd76a6138b4e81c	https://raw.githubusercontent.com/Nixtla/neuralforecast/HEAD/LICENSE	license text Nixtla/neuralforecast (LICENSE)
F0365	2026-09-26T20:04:21Z	200	1086	52412d7bc7ce4157ea628bbaacb8829e0a9cb3c58f57f99176126bc8cf2bfc85	https://raw.githubusercontent.com/facebook/prophet/HEAD/LICENSE	license text facebook/prophet (LICENSE)
F0366	2026-09-26T20:04:21Z	200	1071	ad0a97978a8f310ff3e2553a9542481b19b95a888e739fce7829e0181896602b	https://raw.githubusercontent.com/alkaline-ml/pmdarima/HEAD/LICENSE	license text alkaline-ml/pmdarima (LICENSE)
F0367	2026-09-26T20:04:22Z	200	10142	09e8a9bcec8067104652c168685ab0931e7868f9c8284b66f5ae6edae5f1130b	https://raw.githubusercontent.com/awslabs/gluonts/HEAD/LICENSE	license text awslabs/gluonts (LICENSE)
F0368	2026-09-26T20:04:22Z	200	10142	09e8a9bcec8067104652c168685ab0931e7868f9c8284b66f5ae6edae5f1130b	https://raw.githubusercontent.com/autogluon/autogluon/HEAD/LICENSE	license text autogluon/autogluon (LICENSE)
F0369	2026-09-26T20:04:22Z	200	13817	c1eaed077f5978dfdcabb19576600490b3772e4f3f0d196ebcec8148de791810	https://raw.githubusercontent.com/limix-ldm-ai/LimiX/HEAD/LICENSE.txt	license text limix-ldm-ai/LimiX (LICENSE.txt)
F0370	2026-09-26T20:04:22Z	200	1141	c2cfccb812fe482101a8f04597dfc5a9991a6b2748266c47ac91b6a5aae15383	https://raw.githubusercontent.com/microsoft/FLAML/HEAD/LICENSE	license text microsoft/FLAML (LICENSE)
F0371	2026-09-26T20:04:22Z	200	5008	669b77cd6f9cc5237108c093b0da5269ce1ef8678eab56b4ad89abda13f011de	https://raw.githubusercontent.com/pycaret/pycaret/HEAD/LICENSE	license text pycaret/pycaret (LICENSE)
F0372	2026-09-26T20:04:22Z	200	7651	da7eabb7bafdf7d3ae5e9f223aa5bdc1eece45ac569dc21b3b037520b4464768	https://raw.githubusercontent.com/EpistasisLab/tpot/HEAD/LICENSE	license text EpistasisLab/tpot (LICENSE)
F0373	2026-09-26T20:04:22Z	404	14	d5558cd419c8d46bdc958064cb97f963d1ea793866414c025906ec15033512ed	https://raw.githubusercontent.com/automl/auto-sklearn/HEAD/LICENSE	license text automl/auto-sklearn (LICENSE)
F0374	2026-09-26T20:04:22Z	200	1081	c3df8e8523cf46be4b366ee7dd11578454b10ea5ec5159e57df849513aafe059	https://raw.githubusercontent.com/optuna/optuna/HEAD/LICENSE	license text optuna/optuna (LICENSE)
F0375	2026-09-26T20:04:22Z	404	14	d5558cd419c8d46bdc958064cb97f963d1ea793866414c025906ec15033512ed	https://raw.githubusercontent.com/hyperopt/hyperopt/HEAD/LICENSE	license text hyperopt/hyperopt (LICENSE)
F0376	2026-09-26T20:04:22Z	200	1081	cf5c26305c632e5451b6eed7e0964a36c4cec1102f0c6467db063b3483a19127	https://raw.githubusercontent.com/shap/shap/HEAD/LICENSE	license text shap/shap (LICENSE)
F0377	2026-09-26T20:04:22Z	200	1310	0eaa645c1b70207584b5b2a6053211ca91bad16a64b638a3039d7059006cd1b3	https://raw.githubusercontent.com/marcotcr/lime/HEAD/LICENSE	license text marcotcr/lime (LICENSE)
F0378	2026-09-26T20:04:22Z	200	1512	f19a657160766ccb3eb8e79ca25332a69438ce046e8d31bcea77fefee4395357	https://raw.githubusercontent.com/meta-pytorch/captum/HEAD/LICENSE	license text meta-pytorch/captum (LICENSE)
F0379	2026-09-26T20:04:22Z	404	14	d5558cd419c8d46bdc958064cb97f963d1ea793866414c025906ec15033512ed	https://raw.githubusercontent.com/automl/auto-sklearn/HEAD/LICENSE.md	license text automl/auto-sklearn (LICENSE.md)
F0380	2026-09-26T20:04:22Z	200	1085	eef953090d9648af300e3b97f51bf7e85a44fdb10fd4590c57171e570f954c6b	https://raw.githubusercontent.com/interpretml/interpret/HEAD/LICENSE	license text interpretml/interpret (LICENSE)
F0381	2026-09-26T20:04:22Z	404	14	d5558cd419c8d46bdc958064cb97f963d1ea793866414c025906ec15033512ed	https://raw.githubusercontent.com/hyperopt/hyperopt/HEAD/LICENSE.md	license text hyperopt/hyperopt (LICENSE.md)
F0382	2026-09-26T20:04:22Z	200	1497	00381d3a67ed5b7703b62f5c988a1af67c55fa582dd90f4b246e36f38e62e919	https://raw.githubusercontent.com/hyperopt/hyperopt/HEAD/LICENSE.txt	license text hyperopt/hyperopt (LICENSE.txt)
F0383	2026-09-26T20:04:22Z	200	1528	51351fd5a7e241e9bb194f60181153e077ab73e8bad5bbdaf63971ec80d2624a	https://raw.githubusercontent.com/automl/auto-sklearn/HEAD/LICENSE.txt	license text automl/auto-sklearn (LICENSE.txt)
F0384	2026-09-26T20:04:55Z	200	1231	b845918f6a857b64a621637d52026889c0ac40acd3f660246d7d7a13ddda06af	https://huggingface.co/api/models/facebook/dinov3-vitl16-pretrain-lvd1689m?expand[]=downloads&expand[]=likes&expand[]=cardData&expand[]=lastModified&expand[]=gated	hf model facebook/dinov3-vitl16-pretrain-lvd1689m
F0385	2026-09-26T20:04:56Z	200	229	c1d1e2fab85c53a5e2f4e7d1bd81fbe6e2f76f6f91b48d11c06f1a06513ca569	https://huggingface.co/api/models/facebook/dinov2-base?expand[]=downloads&expand[]=likes&expand[]=cardData&expand[]=lastModified&expand[]=gated	hf model facebook/dinov2-base
F0386	2026-09-26T20:04:56Z	200	997	d21b10b7d9ee4bdc375c710feba5480c43775ea5bdd085c431f24739d430f5da	https://huggingface.co/api/models/facebook/sam3?expand[]=downloads&expand[]=likes&expand[]=cardData&expand[]=lastModified&expand[]=gated	hf model facebook/sam3
F0387	2026-09-26T20:04:56Z	200	255	4f58f92a6fb31c48bbeddc36e090df20043f1ad0f5d36ca11bcb2f3e2e4d7bd6	https://huggingface.co/api/models/facebook/sam2.1-hiera-large?expand[]=downloads&expand[]=likes&expand[]=cardData&expand[]=lastModified&expand[]=gated	hf model facebook/sam2.1-hiera-large
F0388	2026-09-26T20:04:56Z	200	204	1a0aa1fee6a2af0d703217bf19c36644fb56af4172fcdf23179f3f3276d6736c	https://huggingface.co/api/models/facebook/sam-vit-huge?expand[]=downloads&expand[]=likes&expand[]=cardData&expand[]=lastModified&expand[]=gated	hf model facebook/sam-vit-huge
F0389	2026-09-26T20:04:57Z	200	362	4cfa9b0733296ee02a9dba7d3a3b0045a5968d714546e574075059638540422e	https://huggingface.co/api/models/depth-anything/DA3-LARGE?expand[]=downloads&expand[]=likes&expand[]=cardData&expand[]=lastModified&expand[]=gated	hf model depth-anything/DA3-LARGE
F0390	2026-09-26T20:04:57Z	200	330	a21338d0019312a8bd68bbded0e1a179405ba63916985eb1d0cb3fca875a6050	https://huggingface.co/api/models/depth-anything/Depth-Anything-V2-Small-hf?expand[]=downloads&expand[]=likes&expand[]=cardData&expand[]=lastModified&expand[]=gated	hf model depth-anything/Depth-Anything-V2-Small-hf
F0391	2026-09-26T20:04:57Z	200	326	69c64ff9a979e90b24f5f527d0d628e2ea26c3642f4b82f660883a976d6e6de0	https://huggingface.co/api/models/depth-anything/Depth-Anything-V2-Large?expand[]=downloads&expand[]=likes&expand[]=cardData&expand[]=lastModified&expand[]=gated	hf model depth-anything/Depth-Anything-V2-Large
F0392	2026-09-26T20:04:57Z	200	692	60bc257f4b4eab37b64b9d2de78e48471fa892f02c1159e757135013c8213789	https://huggingface.co/api/models/PekingU/rtdetr_v2_r18vd?expand[]=downloads&expand[]=likes&expand[]=cardData&expand[]=lastModified&expand[]=gated	hf model PekingU/rtdetr_v2_r18vd
F0393	2026-09-26T20:04:57Z	200	304	bfcf80dd7d9ec31f1509eb7bb18a15e9696c3ecbcb45015b0387dae1e14c5fbf	https://huggingface.co/api/models/Roboflow/rf-detr-base?expand[]=downloads&expand[]=likes&expand[]=cardData&expand[]=lastModified&expand[]=gated	hf model Roboflow/rf-detr-base
F0394	2026-09-26T20:04:57Z	200	333	96640846367ff108b02942a7af24b3ba4bf6e22c0438cb2d713dd59507535b12	https://huggingface.co/api/models/ustc-community/dfine-xlarge-coco?expand[]=downloads&expand[]=likes&expand[]=cardData&expand[]=lastModified&expand[]=gated	hf model ustc-community/dfine-xlarge-coco
F0395	2026-09-26T20:04:58Z	200	489	0e5dd2fbadcc45e72f8b2204e0392950d729f33d8969dce4b918d4fa2e74df73	https://huggingface.co/api/models/ZhengPeng7/BiRefNet?expand[]=downloads&expand[]=likes&expand[]=cardData&expand[]=lastModified&expand[]=gated	hf model ZhengPeng7/BiRefNet
F0396	2026-09-26T20:04:58Z	200	1020	a99376ebc4fa8cc69592a5169713eb7b60f8a45fded4cd604db514517ea96210	https://huggingface.co/api/models/briaai/RMBG-2.0?expand[]=downloads&expand[]=likes&expand[]=cardData&expand[]=lastModified&expand[]=gated	hf model briaai/RMBG-2.0
F0397	2026-09-26T20:04:58Z	200	555	04de016fd397215d444cf4852995a99b2e6df3eacd772d0efe3299d84c92919f	https://huggingface.co/api/models/nvidia/segformer-b0-finetuned-ade-512-512?expand[]=downloads&expand[]=likes&expand[]=cardData&expand[]=lastModified&expand[]=gated	hf model nvidia/segformer-b0-finetuned-ade-512-512
F0398	2026-09-26T20:04:58Z	200	476	ecaeef3ff1b07b38a26b5fe7a7f46d1ca71e30357d278576c7c036de16c454cc	https://huggingface.co/api/models/facebook/sapiens2-seg-0.4b?expand[]=downloads&expand[]=likes&expand[]=cardData&expand[]=lastModified&expand[]=gated	hf model facebook/sapiens2-seg-0.4b
F0399	2026-09-26T20:04:58Z	200	1584	19d00a3d3d0f023e2ab5895a31f63e48363dbf29ac949525ed3ba57a4077ffad	https://huggingface.co/api/models/Prior-Labs/tabpfn_3?expand[]=downloads&expand[]=likes&expand[]=cardData&expand[]=lastModified&expand[]=gated	hf model Prior-Labs/tabpfn_3
F0400	2026-09-26T20:04:59Z	200	384	05c21c9371355c9c434f64ba754b80ae15ed626c4923c168aee68fb07d4d3051	https://huggingface.co/api/models/Prior-Labs/TabPFN-v2-clf?expand[]=downloads&expand[]=likes&expand[]=cardData&expand[]=lastModified&expand[]=gated	hf model Prior-Labs/TabPFN-v2-clf
F0401	2026-09-26T20:04:59Z	200	1591	18d97e79a8eedf70e04496f884477092dc5ac10fc4927724ca8e8c5c4e3aefd1	https://huggingface.co/api/models/Prior-Labs/tabpfn_2_5?expand[]=downloads&expand[]=likes&expand[]=cardData&expand[]=lastModified&expand[]=gated	hf model Prior-Labs/tabpfn_2_5
F0402	2026-09-26T20:04:59Z	200	230	fed89cc636aa5087247599eece53f3561c340119cf2feed027423587d7705e34	https://huggingface.co/api/models/autogluon/mitra-classifier?expand[]=downloads&expand[]=likes&expand[]=cardData&expand[]=lastModified&expand[]=gated	hf model autogluon/mitra-classifier
F0403	2026-09-26T20:04:59Z	200	386	e7b67bd9a2b4d27c9df8a5b072612423b38e86824ab534f1c45b0e630c76f2f4	https://huggingface.co/api/models/SAP/sap-rpt-1-oss?expand[]=downloads&expand[]=likes&expand[]=cardData&expand[]=lastModified&expand[]=gated	hf model SAP/sap-rpt-1-oss
F0404	2026-09-26T20:04:59Z	200	329	570e0f68f1a5f395e39307a9b28ff3cf6f935b5900682a7edb29a4af5fea79a5	https://huggingface.co/api/models/stable-ai/LimiX-2?expand[]=downloads&expand[]=likes&expand[]=cardData&expand[]=lastModified&expand[]=gated	hf model stable-ai/LimiX-2
F0405	2026-09-26T20:05:00Z	200	479	5decad5c6a4be998f154323b05263b21852536f4de097d84bc20d0fc6b758ff2	https://huggingface.co/api/models/google/tabfm-1.0.0-pytorch?expand[]=downloads&expand[]=likes&expand[]=cardData&expand[]=lastModified&expand[]=gated	hf model google/tabfm-1.0.0-pytorch
F0406	2026-09-26T20:05:00Z	200	320	d6bc41ffb1ae368ddaa8ff9bcb501c2a8d6a18f4a3c1b01b6113266102140b59	https://huggingface.co/api/models/tiiuae/Falcon-Perception?expand[]=downloads&expand[]=likes&expand[]=cardData&expand[]=lastModified&expand[]=gated	hf model tiiuae/Falcon-Perception
F0407	2026-09-26T20:05:00Z	200	716	550c63b90dd376914fe50392fefe5290b7c2aaabcfeffacff3bca0295290e7d9	https://huggingface.co/api/models/Ultralytics/YOLO26?expand[]=downloads&expand[]=likes&expand[]=cardData&expand[]=lastModified&expand[]=gated	hf model Ultralytics/YOLO26
F0408	2026-09-26T20:05:00Z	200	692	54907f3c412b36033b661e47c173e2ab4afdd83df489e8f0e6c01faea0fe7c0f	https://huggingface.co/api/models/Ultralytics/YOLO11?expand[]=downloads&expand[]=likes&expand[]=cardData&expand[]=lastModified&expand[]=gated	hf model Ultralytics/YOLO11
F0409	2026-09-26T20:05:00Z	200	306	b1a0d9f0c271d4eae3a3fe4fe723f1b751299e7932f5ea45c9827e9dc6116333	https://huggingface.co/api/models/timm/mobilenetv3_small_100.lamb_in1k?expand[]=downloads&expand[]=likes&expand[]=cardData&expand[]=lastModified&expand[]=gated	hf model timm/mobilenetv3_small_100.lamb_in1k
F0410	2026-09-26T20:05:01Z	200	622	c6b326e5039043fd6455c34890fae199c9eaedf4bcd03da2cbceb1612819729e	https://huggingface.co/api/models/google/vit-base-patch16-224?expand[]=downloads&expand[]=likes&expand[]=cardData&expand[]=lastModified&expand[]=gated	hf model google/vit-base-patch16-224
F0411	2026-09-26T20:05:01Z	200	271	595e67ec1e720c93510ec112eecf7a208e4c3a92674f9d8ebe75cebf10b08b7a	https://huggingface.co/api/models/tue-mps/coco_panoptic_eomt_large_640?expand[]=downloads&expand[]=likes&expand[]=cardData&expand[]=lastModified&expand[]=gated	hf model tue-mps/coco_panoptic_eomt_large_640
F0412	2026-09-26T20:05:01Z	200	279	8d2d725815f0e306756943d1bb4953f8308db76b83fbc34fc57f4e21d7214649	https://huggingface.co/api/models/IDEA-Research/grounding-dino-base?expand[]=downloads&expand[]=likes&expand[]=cardData&expand[]=lastModified&expand[]=gated	hf model IDEA-Research/grounding-dino-base
F0413	2026-09-26T20:05:01Z	200	226	666231862858027ad9471b79552e2f4b35edb198102ad84f1415c5d0f8949952	https://huggingface.co/api/models/facebook/cotracker3?expand[]=downloads&expand[]=likes&expand[]=cardData&expand[]=lastModified&expand[]=gated	hf model facebook/cotracker3
F0414	2026-09-26T20:05:01Z	200	368	0f0911b56560d1c82b90d98d7c04f6df45c505faadd2e55e220aee30381fab43	https://huggingface.co/api/models/Synthefy/Nori?expand[]=downloads&expand[]=likes&expand[]=cardData&expand[]=lastModified&expand[]=gated	hf model Synthefy/Nori
F0415	2026-09-26T20:05:02Z	200	255	848b0299a639d6fbb2c527a7801089b10def9affa15c7c935fd8c8e8b97a90d1	https://huggingface.co/api/models/alana89/TabSTAR?expand[]=downloads&expand[]=likes&expand[]=cardData&expand[]=lastModified&expand[]=gated	hf model alana89/TabSTAR
F0416	2026-09-26T20:05:02Z	200	438	c1559a58c4f39638a029599f4f1f8030ee8f8d39f6900e8c0f4979007b43bf5e	https://huggingface.co/api/models/LG-AI-Research/EXAONE-Tabular?expand[]=downloads&expand[]=likes&expand[]=cardData&expand[]=lastModified&expand[]=gated	hf model LG-AI-Research/EXAONE-Tabular
F0417	2026-09-26T20:05:02Z	200	505	4908008ba8fa18e416b2fceb223d3de940d4576d63fac07d886d20ea0f8430d2	https://huggingface.co/api/models/mudler/locate-anything.cpp-gguf?expand[]=downloads&expand[]=likes&expand[]=cardData&expand[]=lastModified&expand[]=gated	hf model mudler/locate-anything.cpp-gguf
F0418	2026-09-26T20:05:02Z	200	627	d84b1819b59547b7cf8e6a664c93c5729f29502b6ce4d15b9135564f1a905132	https://huggingface.co/api/models/apple/DepthPro-hf?expand[]=downloads&expand[]=likes&expand[]=cardData&expand[]=lastModified&expand[]=gated	hf model apple/DepthPro-hf
F0419	2026-09-26T20:05:15Z	200	16794	dca491280b68f471312a15d54add7b8e724adf19fb0e113544b1ef91e060f5d5	https://huggingface.co/Prior-Labs/tabpfn_3/raw/main/LICENSE	hf license file Prior-Labs/tabpfn_3
F0420	2026-09-26T20:05:15Z	200	7188	26d8c4748b755fd202668ca89471b1847f2e0e0d9a88707642b1a3a1d2edb276	https://huggingface.co/google/tabfm-1.0.0-pytorch/raw/main/LICENSE	hf license file google/tabfm
F0421	2026-09-26T20:05:15Z	200	10348	beaceacc2c15826b46375e647fdab6b7687eb34ee71867617b7221a14710c217	https://huggingface.co/stable-ai/LimiX-2/raw/main/LICENSE	hf license file stable-ai/LimiX-2
F0422	2026-09-26T20:05:15Z	200	20768	2c81f1c17e128d074e03a09380fdd03467ee6e04760e5273a145b7582f8f6a6f	https://huggingface.co/api/models?author=facebook&search=dinov&sort=downloads&limit=1000	hf family sum author=facebook&search=dinov
F0423	2026-09-26T20:05:16Z	200	9525	3b79d4b33f2605650782ef063974abb2fefa9ad698e4947000ecc284330b8bda	https://huggingface.co/api/models?author=facebook&search=sam&sort=downloads&limit=1000	hf family sum author=facebook&search=sam
F0424	2026-09-26T20:05:16Z	200	18311	a48f69a7646acec4daaeaaf6beb757e344aed5e41db20943f85823f9367e1455	https://huggingface.co/api/models?author=depth-anything&sort=downloads&limit=1000	hf family sum author=depth-anything
F0425	2026-09-26T20:05:16Z	200	4826	2a144359ebef8eac9ca79f1c77fecb2f22bafcb888fba86ca4503ffa76577428	https://huggingface.co/api/models?author=PekingU&sort=downloads&limit=1000	hf family sum author=PekingU
F0426	2026-09-26T20:05:16Z	200	6296	d707286c794323846f71fb69b007f4d3d67e855ad176028ea24e7e40728a5534	https://huggingface.co/api/models?author=Roboflow&sort=downloads&limit=1000	hf family sum author=Roboflow
F0427	2026-09-26T20:05:17Z	200	426021	348a4c5485d246380eb4d256bf040432865b35afa6783983ed2d1e8c47a6ef98	https://huggingface.co/api/models?author=timm&sort=downloads&limit=1000	hf family sum author=timm
F0428	2026-09-26T20:05:17Z	200	2235	0611a226917f32714572f4e7e6660f03906a4c1efbf9535fd06d00d125f45595	https://huggingface.co/api/models?author=Prior-Labs&sort=downloads&limit=1000	hf family sum author=Prior-Labs
F0429	2026-09-26T20:05:17Z	200	9214	15f698e4ed64278d3227be0c3026e4c9dec4bedc3a6174c8daf14dea6e8bde5d	https://huggingface.co/api/models?author=autogluon&sort=downloads&limit=1000	hf family sum author=autogluon
F0430	2026-09-26T20:05:17Z	200	6150	18ff7294985b3caca8d87365ff33ed2e1a15014fa14f8c8fc683cb14a8e8d5b1	https://huggingface.co/api/models?author=ustc-community&sort=downloads&limit=1000	hf family sum author=ustc-community
F0431	2026-09-26T20:05:17Z	200	8720	51f2c046484733f4ff0337cbe435d486fd6af06a22f616088a1c048d74ecb8d6	https://huggingface.co/api/models?author=ZhengPeng7&sort=downloads&limit=1000	hf family sum author=ZhengPeng7
F0432	2026-09-26T20:05:18Z	200	1880	24831521830c1641a4831833ebc958a505b01af7eb40655203eaf2aa552ef893	https://huggingface.co/api/models?author=Ultralytics&sort=downloads&limit=1000	hf family sum author=Ultralytics
F0433	2026-09-26T20:05:18Z	200	8247	0acfc78d6051a4e9591e926286607dda947d4d1733eed75e36d202517126f1bb	https://huggingface.co/api/models?author=briaai&sort=downloads&limit=1000	hf family sum author=briaai
F0434	2026-09-26T20:05:18Z	200	24450	355348e6600c9b14db592c3fa791a285cb52115a47df1c2093a453a8e103cad6	https://huggingface.co/api/models?author=tue-mps&sort=downloads&limit=1000	hf family sum author=tue-mps
F0435	2026-09-26T20:05:18Z	200	1696	9f3902b2f680e86be8a2f23b80831279df37bcddbfe98277e7e1e6dad95c7fa7	https://huggingface.co/api/models?author=Synthefy&sort=downloads&limit=1000	hf family sum author=Synthefy
F0436	2026-09-26T20:05:18Z	200	848	19c806ed35ef4a792f652a96a2365700ba811056248516d67f8478122f5019fb	https://huggingface.co/api/models?author=google&search=tabfm&sort=downloads&limit=1000	hf family sum author=google&search=tabfm
F0437	2026-09-26T20:05:47Z	200	3364	05cca1fcaaf7dec623b38890b24dfc2a69949e374f53df98af8015c86a729904	https://repos.ecosyste.ms/api/v1/hosts/GitHub/repositories/google-research%2Ftabfm	ecosystems repo google-research%2Ftabfm
F0438	2026-09-26T20:05:48Z	200	2979	a04319bea51223c72907429ade5c5084f6528747aaf1fd1ab2bdde7fb4b56fa1	https://repos.ecosyste.ms/api/v1/hosts/GitHub/repositories/NVlabs%2FRADIO	ecosystems repo NVlabs%2FRADIO
F0439	2026-09-26T20:05:49Z	200	3574	66656b892e8ce5eb7af1a8df8d92b7bfec2bcd4027c13ff09cdd37ce69053e9d	https://repos.ecosyste.ms/api/v1/hosts/GitHub/repositories/perpetual-ml%2Fperpetual	ecosystems repo perpetual-ml%2Fperpetual
F0440	2026-09-26T20:05:50Z	200	13431	4fe45b46a5f6f81b41513c9030c6b64a8891f71df91833288de4ca8880afd622	https://repos.ecosyste.ms/api/v1/hosts/GitHub/repositories/stanfordmlgroup%2Fngboost	ecosystems repo stanfordmlgroup%2Fngboost
F0441	2026-09-26T20:05:50Z	200	3289	a70827cab4caf3b591fb9145c79dc0b033414c47cecc6c1165e68439033496b0	https://repos.ecosyste.ms/api/v1/hosts/GitHub/repositories/facebookresearch%2Fperception_models	ecosystems repo facebookresearch%2Fperception_models
F0442	2026-09-26T20:05:50Z	200	3212	6b77e4e9111de688ee312371d94d36f96b020dbdc92adf114ee36dfba9c55d5d	https://repos.ecosyste.ms/api/v1/hosts/GitHub/repositories/tiiuae%2FFalcon-Perception	ecosystems repo tiiuae%2FFalcon-Perception
F0443	2026-09-26T20:05:51Z	200	3505	c0d14d51391ea8095b92c796b01452252db4534204621657a4ff038da1a8a423	https://repos.ecosyste.ms/api/v1/hosts/GitHub/repositories/facebookresearch%2Fsam2	ecosystems repo facebookresearch%2Fsam2
F0444	2026-09-26T20:05:51Z	200	9138	6463834b4fb6464423f56a41ada90a580ed7642cc278ad5b3c16a23556c157c1	https://repos.ecosyste.ms/api/v1/hosts/GitHub/repositories/facebookresearch%2Fsegment-anything	ecosystems repo facebookresearch%2Fsegment-anything
F0445	2026-09-26T20:05:51Z	200	55046	40475dffee09d03e8b1e038de84b255ddb4122c61e01d2dc3f2db7eaa6112d8e	https://packages.ecosyste.ms/api/v1/registries/pypi.org/packages/perpetual	ecosystems pypi perpetual (meta2)
F0446	2026-09-26T20:05:52Z	200	39529	a66581e178fc3bd41f189022053e8f0b9dfd4bd3ab43c7354446d4685d556667	https://packages.ecosyste.ms/api/v1/registries/pypi.org/packages/ngboost	ecosystems pypi ngboost (meta2)
F0447	2026-09-26T20:05:52Z	200	498914	cf750fd34e9eae16de3e1b21d814597e5d8305d45b3b164ceef2e89eebcca8c0	https://packages.ecosyste.ms/api/v1/registries/pypi.org/packages/ultralytics	ecosystems pypi ultralytics (meta2)
F0448	2026-09-26T20:05:53Z	200	126181	454224cc2da3d2f63e53fd55f233be61a8bd1f046c6da293301745f70291a8ee	https://packages.ecosyste.ms/api/v1/registries/pypi.org/packages/scikit-image	ecosystems pypi scikit-image (meta2)
F0449	2026-09-26T20:05:53Z	200	141593	bfa074169ea0ffe2509cafbae7769586d13d3d80cd0aeb18773b6f5e80b0f362	https://packages.ecosyste.ms/api/v1/registries/pypi.org/packages/spacy	ecosystems pypi spacy (meta2)
F0450	2026-09-26T20:05:53Z	200	97459	eb51d517a7eef5fc19cecec9fe0b0ad6743d41a3be0c06578b344232c3845c46	https://packages.ecosyste.ms/api/v1/registries/pypi.org/packages/catboost	ecosystems pypi catboost (meta2)
F0451	2026-09-26T20:05:53Z	200	36080	2f743537c6f632084d5bc2055b7299fc67fe299475280c96aa84542f3a342041	https://packages.ecosyste.ms/api/v1/registries/pypi.org/packages/autogluon	ecosystems pypi autogluon (meta2)
F0452	2026-09-26T20:05:54Z	200	216970	4d559f961e0c3044beb34628e8294a7984131803c65ed7eccd16d9174015ebd6	https://packages.ecosyste.ms/api/v1/registries/pypi.org/packages/opencv-python	ecosystems pypi opencv-python (meta2)
F0453	2026-09-26T20:05:54Z	200	331	a3504021f04e1545be90388a905a17e4322b52c76eed5bd7bff9c2a58db9910b	https://huggingface.co/api/models/nvidia/C-RADIOv3-H?expand[]=downloads&expand[]=likes&expand[]=cardData&expand[]=lastModified&expand[]=gated	hf model nvidia/C-RADIOv3-H
F0454	2026-09-26T20:05:54Z	200	9289	da27ffe04456c510e5b38d2c9dd62f178cdcdc77f2ac1d2d666c3922d838a021	https://huggingface.co/api/models?author=nvidia&search=RADIO&sort=downloads&limit=100	hf family sum author=nvidia&search=RADIO
F0455	2026-09-26T20:05:54Z	200	16001	28d2d95fb23e557ab3ee808d7a8e18f070475843e70391c73c746457afa87e36	https://raw.githubusercontent.com/deepinsight/insightface/HEAD/README.md	readme deepinsight/insightface
F0456	2026-09-26T20:06:19Z	200	5229	7e3437349180f6b3a5456cc39f385d28a1a9314e603f036fef6a60605ca9f5c3	https://repos.ecosyste.ms/api/v1/hosts/GitHub/repositories/facebookresearch%2Fdetectron2/releases?per_page=1	releases facebookresearch/detectron2
F0457	2026-09-26T20:06:19Z	200	2	4f53cda18c2baa0c0354bb5f9a3ecbe5ed12ab4d8e11ba873c2f11161202b945	https://repos.ecosyste.ms/api/v1/hosts/GitHub/repositories/facebookresearch%2Fdinov2/releases?per_page=1	releases facebookresearch/dinov2
F0458	2026-09-26T20:06:20Z	200	2	4f53cda18c2baa0c0354bb5f9a3ecbe5ed12ab4d8e11ba873c2f11161202b945	https://repos.ecosyste.ms/api/v1/hosts/GitHub/repositories/facebookresearch%2Fdinov3/releases?per_page=1	releases facebookresearch/dinov3
F0459	2026-09-26T20:06:20Z	200	2	4f53cda18c2baa0c0354bb5f9a3ecbe5ed12ab4d8e11ba873c2f11161202b945	https://repos.ecosyste.ms/api/v1/hosts/GitHub/repositories/facebookresearch%2Fsam3/releases?per_page=1	releases facebookresearch/sam3
F0460	2026-09-26T20:06:21Z	200	2	4f53cda18c2baa0c0354bb5f9a3ecbe5ed12ab4d8e11ba873c2f11161202b945	https://repos.ecosyste.ms/api/v1/hosts/GitHub/repositories/facebookresearch%2Fsam2/releases?per_page=1	releases facebookresearch/sam2
F0461	2026-09-26T20:06:22Z	200	2	4f53cda18c2baa0c0354bb5f9a3ecbe5ed12ab4d8e11ba873c2f11161202b945	https://repos.ecosyste.ms/api/v1/hosts/GitHub/repositories/facebookresearch%2Fsegment-anything/releases?per_page=1	releases facebookresearch/segment-anything
F0462	2026-09-26T20:06:22Z	200	2	4f53cda18c2baa0c0354bb5f9a3ecbe5ed12ab4d8e11ba873c2f11161202b945	https://repos.ecosyste.ms/api/v1/hosts/GitHub/repositories/lyuwenyu%2FRT-DETR/releases?per_page=1	releases lyuwenyu/RT-DETR
F0463	2026-09-26T20:06:23Z	200	2	4f53cda18c2baa0c0354bb5f9a3ecbe5ed12ab4d8e11ba873c2f11161202b945	https://repos.ecosyste.ms/api/v1/hosts/GitHub/repositories/Peterande%2FD-FINE/releases?per_page=1	releases Peterande/D-FINE
F0464	2026-09-26T20:06:23Z	200	7784	ef67ba24266854cc887199cd345eaf4383209fbd4062d8a73c7debb0994a751a	https://repos.ecosyste.ms/api/v1/hosts/GitHub/repositories/ZhengPeng7%2FBiRefNet/releases?per_page=1	releases ZhengPeng7/BiRefNet
F0465	2026-09-26T20:06:23Z	200	2	4f53cda18c2baa0c0354bb5f9a3ecbe5ed12ab4d8e11ba873c2f11161202b945	https://repos.ecosyste.ms/api/v1/hosts/GitHub/repositories/DepthAnything%2FDepth-Anything-V2/releases?per_page=1	releases DepthAnything/Depth-Anything-V2
F0466	2026-09-26T20:06:24Z	200	2	4f53cda18c2baa0c0354bb5f9a3ecbe5ed12ab4d8e11ba873c2f11161202b945	https://repos.ecosyste.ms/api/v1/hosts/GitHub/repositories/ByteDance-Seed%2FDepth-Anything-3/releases?per_page=1	releases ByteDance-Seed/Depth-Anything-3
F0467	2026-09-26T20:06:24Z	200	2181	ed6f85fa9785fb1f3444b0d6f7e9a22fd8104fc1be61e2eab283a76c38a9eeec	https://repos.ecosyste.ms/api/v1/hosts/GitHub/repositories/IDEA-Research%2FGroundingDINO/releases?per_page=1	releases IDEA-Research/GroundingDINO
F0468	2026-09-26T20:06:25Z	200	2	4f53cda18c2baa0c0354bb5f9a3ecbe5ed12ab4d8e11ba873c2f11161202b945	https://repos.ecosyste.ms/api/v1/hosts/GitHub/repositories/facebookresearch%2Fco-tracker/releases?per_page=1	releases facebookresearch/co-tracker
F0469	2026-09-26T20:06:25Z	200	2397	aecffbd10960f969ed70678b76f88c61874a45f798a3306db68a075708e0a331	https://repos.ecosyste.ms/api/v1/hosts/GitHub/repositories/stanfordnlp%2FCoreNLP/releases?per_page=1	releases stanfordnlp/CoreNLP
F0470	2026-09-26T20:06:26Z	200	2	4f53cda18c2baa0c0354bb5f9a3ecbe5ed12ab4d8e11ba873c2f11161202b945	https://repos.ecosyste.ms/api/v1/hosts/GitHub/repositories/tue-mps%2Feomt/releases?per_page=1	releases tue-mps/eomt
F0471	2026-09-26T20:06:26Z	200	2	4f53cda18c2baa0c0354bb5f9a3ecbe5ed12ab4d8e11ba873c2f11161202b945	https://repos.ecosyste.ms/api/v1/hosts/GitHub/repositories/NVlabs%2FRADIO/releases?per_page=1	releases NVlabs/RADIO
F0472	2026-09-26T20:06:27Z	200	2497	ceeb12d716610b1fab96cd63880dbf1e7c66db620a1e2e520746e4562805016d	https://repos.ecosyste.ms/api/v1/hosts/GitHub/repositories/google-research%2Ftabfm/releases?per_page=1	releases google-research/tabfm
F0473	2026-09-26T20:06:27Z	200	2	4f53cda18c2baa0c0354bb5f9a3ecbe5ed12ab4d8e11ba873c2f11161202b945	https://repos.ecosyste.ms/api/v1/hosts/GitHub/repositories/Intellindust-AI-Lab%2FDEIM/releases?per_page=1	releases Intellindust-AI-Lab/DEIM
F0474	2026-09-26T20:06:28Z	200	16043	6509e9aae91b8102d0923e566cebbf9f4967c78affd14f1ea8851a031b8bfd64	https://repos.ecosyste.ms/api/v1/hosts/GitHub/repositories/sunsmarterjie%2Fyolov12/releases?per_page=1	releases sunsmarterjie/yolov12
F0475	2026-09-26T20:06:28Z	200	6096	8f2d672c526d6fba951fba4e4beda76b3d0c4533e52fa6fee9ee536b64fc2be8	https://repos.ecosyste.ms/api/v1/hosts/GitHub/repositories/WongKinYiu%2Fyolov9/releases?per_page=1	releases WongKinYiu/yolov9
F0476	2026-09-26T20:06:29Z	200	2	4f53cda18c2baa0c0354bb5f9a3ecbe5ed12ab4d8e11ba873c2f11161202b945	https://repos.ecosyste.ms/api/v1/hosts/GitHub/repositories/NVlabs%2FSegFormer/releases?per_page=1	releases NVlabs/SegFormer
F0477	2026-09-26T20:06:29Z	200	2	4f53cda18c2baa0c0354bb5f9a3ecbe5ed12ab4d8e11ba873c2f11161202b945	https://repos.ecosyste.ms/api/v1/hosts/GitHub/repositories/facebookresearch%2Fsapiens/releases?per_page=1	releases facebookresearch/sapiens
F0478	2026-09-26T20:06:29Z	200	2	4f53cda18c2baa0c0354bb5f9a3ecbe5ed12ab4d8e11ba873c2f11161202b945	https://repos.ecosyste.ms/api/v1/hosts/GitHub/repositories/facebookresearch%2FMask2Former/releases?per_page=1	releases facebookresearch/Mask2Former
F0479	2026-09-26T20:06:30Z	200	1939	75191a5e2de7c1e976f15a5d99b45f892427b664eabeeeae357248a6e395f16c	https://repos.ecosyste.ms/api/v1/hosts/GitHub/repositories/PaddlePaddle%2FPaddleDetection/releases?per_page=1	releases PaddlePaddle/PaddleDetection
F0480	2026-09-26T20:06:30Z	200	982	79f8f140aad43e9af562e6c5b8349a6866f2a6c267416aebc268ba01d4c0565d	https://repos.ecosyste.ms/api/v1/hosts/GitHub/repositories/SAP-samples%2Fsap-rpt-1-oss/releases?per_page=1	releases SAP-samples/sap-rpt-1-oss
F0481	2026-09-26T20:06:31Z	200	893	851adf96f9c73e5862cdc847bbd643240689cf15603a0e126753d51e12db8642	https://repos.ecosyste.ms/api/v1/hosts/GitHub/repositories/limix-ldm-ai%2FLimiX/releases?per_page=1	releases limix-ldm-ai/LimiX
F0482	2026-09-26T20:06:31Z	200	1191	9cfc133d58b969d1b8764018eba0e6078165cdc1a106d61a06966be15e4160cf	https://repos.ecosyste.ms/api/v1/hosts/GitHub/repositories/tiiuae%2FFalcon-Perception/releases?per_page=1	releases tiiuae/Falcon-Perception
F0483	2026-09-26T20:06:32Z	200	2	4f53cda18c2baa0c0354bb5f9a3ecbe5ed12ab4d8e11ba873c2f11161202b945	https://repos.ecosyste.ms/api/v1/hosts/GitHub/repositories/facebookresearch%2Fperception_models/releases?per_page=1	releases facebookresearch/perception_models
F0484	2026-09-26T20:06:33Z	200	6767	659b7af371853b7d6fe92bae947f056a3e2bff720a9228203e2eae6b39869a82	https://repos.ecosyste.ms/api/v1/hosts/GitHub/repositories/opencv%2Fopencv/releases?per_page=1	releases opencv/opencv
F0485	2026-09-26T20:06:34Z	200	8534	fe3c2edb85310b481e4c5951e18a04280e0de8de5e832509cf2a85a4365077bd	https://repos.ecosyste.ms/api/v1/hosts/GitHub/repositories/roboflow%2Frf-detr/releases?per_page=1	releases roboflow/rf-detr
F0486	2026-09-26T20:06:36Z	200	7494	af3cce04c59f9e1bc11d6b6f9be9ae3c71ceb3e8466196526f5fc090aa0db96b	https://repos.ecosyste.ms/api/v1/hosts/GitHub/repositories/ultralytics%2Fultralytics/releases?per_page=1	releases ultralytics/ultralytics
F0487	2026-09-26T20:06:37Z	200	12557	53762835132a45b9935cbf0e43e301aa909db12f359ccc18da2dc84506bfe973	https://repos.ecosyste.ms/api/v1/hosts/GitHub/repositories/PriorLabs%2FTabPFN/releases?per_page=1	releases PriorLabs/TabPFN
F0488	2026-09-26T20:08:15Z	200	3123	b02b21649c191b76ad4b48fca00b2a086ae249c9adc70aeac1749d4ed0b9506e	https://repos.ecosyste.ms/api/v1/hosts/GitHub/repositories/facebookresearch%2Fsapiens2	ecosystems repo facebookresearch%2Fsapiens2
F0489	2026-09-26T20:08:16Z	404	32	648584acecbc9e40f39145d268a9fb68964f2fac8774773bea29a23e3c741261	https://repos.ecosyste.ms/api/v1/hosts/GitHub/repositories/apple%2Fml-depth-pro	ecosystems repo apple%2Fml-depth-pro
F0490	2026-09-26T20:08:16Z	200	11357	e7fe8ded23b9f13c3fb55b88523e616bd6f8df8d1cc42df63237ffc9e24b45b2	https://repos.ecosyste.ms/api/v1/hosts/GitHub/repositories/dotnet%2Fmachinelearning	ecosystems repo dotnet%2Fmachinelearning
F0491	2026-09-26T20:08:17Z	200	13532	c030fab7e7f5df705034ac6838447e557945f563dcfb5fd6995f4509d3dfc160	https://repos.ecosyste.ms/api/v1/hosts/GitHub/repositories/dask%2Fdask-ml	ecosystems repo dask%2Fdask-ml
F0492	2026-09-26T20:08:17Z	200	3777	a5b5e19e8926b1d2079d3696471934922d606e1d3d1c8df701f29b8b1225e62b	https://repos.ecosyste.ms/api/v1/hosts/GitHub/repositories/amazon-science%2Fchronos-forecasting	ecosystems repo amazon-science%2Fchronos-forecasting
F0493	2026-09-26T20:08:17Z	404	14	d5558cd419c8d46bdc958064cb97f963d1ea793866414c025906ec15033512ed	https://raw.githubusercontent.com/facebookresearch/sapiens2/HEAD/LICENSE	license text facebookresearch/sapiens2 (LICENSE)
F0494	2026-09-26T20:08:18Z	200	9931	1c77a629ee16972ddb9844378038b20321143a6faf0cac26c2c04dc9b61c5288	https://raw.githubusercontent.com/facebookresearch/sapiens2/HEAD/LICENSE.md	license text facebookresearch/sapiens2 (LICENSE.md)
F0495	2026-09-26T20:08:18Z	200	2672	21a6551d1f8f851d2d10b5c6cc56535956b983c3cb997d25f3db4dd6f59ef99f	https://raw.githubusercontent.com/apple/ml-depth-pro/HEAD/LICENSE	license text apple/ml-depth-pro (LICENSE)
F0496	2026-09-26T20:08:18Z	200	4295	b3db9dbff447fb349db6612474db9e0992333d09a685697381221812c0c1965c	https://raw.githubusercontent.com/NVlabs/RADIO/HEAD/LICENSE	license text NVlabs/RADIO (LICENSE)
F0497	2026-09-26T20:08:19Z	200	1116	cfc21f5e8bd655ae997eec916138b707b1d290b83272c02a95c9f821b8c87310	https://raw.githubusercontent.com/dotnet/machinelearning/HEAD/LICENSE	license text dotnet/machinelearning (LICENSE)
F0498	2026-09-26T20:08:19Z	404	14	d5558cd419c8d46bdc958064cb97f963d1ea793866414c025906ec15033512ed	https://raw.githubusercontent.com/dask/dask-ml/HEAD/LICENSE	license text dask/dask-ml (LICENSE)
F0499	2026-09-26T20:08:19Z	404	14	d5558cd419c8d46bdc958064cb97f963d1ea793866414c025906ec15033512ed	https://raw.githubusercontent.com/dask/dask-ml/HEAD/LICENSE.md	license text dask/dask-ml (LICENSE.md)
F0500	2026-09-26T20:08:19Z	200	1479	6f7a7e44492156d6a92b9ba7f76cad682ee3f27cbd297fba4937b08b0e7b877d	https://raw.githubusercontent.com/dask/dask-ml/HEAD/LICENSE.txt	license text dask/dask-ml (LICENSE.txt)
F0501	2026-09-26T20:08:19Z	200	168153	c9cea604420284d2acf6f30d503aaaa307f696cc3ce5315bf769c1ac0f8c62ba	https://pypi.org/pypi/dask-ml/json	pypi json dask-ml
F0502	2026-09-26T20:08:20Z	200	45031	80d98844fc850a622ae6474e208b476b9a4428d6508f51a75ba9e6829d53d850	https://packages.ecosyste.ms/api/v1/registries/pypi.org/packages/dask-ml	ecosystems pypi dask-ml
F0503	2026-09-26T20:08:20Z	200	10074	6271f3b88d66877a95c0951a35f3e3aa146843cdf1062bf02a2e90e7967f0207	https://api.nuget.org/v3/registration5-gz-semver2/microsoft.ml/index.json	nuget registration microsoft.ml
F0504	2026-09-26T20:08:20Z	200	346	8fa6ff2205ba9e5b276e9ce1504174cdda4c79b8cb0491ff07a7ad7728aa02cf	https://huggingface.co/api/models/jingang/TabICL?expand[]=downloads&expand[]=likes&expand[]=cardData&expand[]=lastModified&expand[]=gated	hf model jingang/TabICL
F0505	2026-09-26T20:08:20Z	200	238	46b1f1b26b1da6e91124f4b386c5e9f104166a9df5dd786bd861eadd888dd9df	https://huggingface.co/api/models/apple/DepthPro?expand[]=downloads&expand[]=likes&expand[]=cardData&expand[]=lastModified&expand[]=gated	hf model apple/DepthPro
F0506	2026-09-26T20:08:20Z	200	4219	aac50a4f1266c4152a36b4161757a836a8a63fde84a89a16dd7c8280381f4d45	https://huggingface.co/api/models?search=tabicl&sort=downloads&limit=20	hf search tabicl
F0507	2026-09-26T20:08:21Z	200	8240	0a0742e6eeb96d30d2a79e78b3a97fa4195e5d5057e460e1616b665e719cf6df	https://huggingface.co/Synthefy/Nori/raw/main/README.md	hf readme Synthefy/Nori
F0508	2026-09-26T20:08:21Z	200	33451	1c2576385c5d07ccec4b265bcdff88481592d9c12565e3350d9c237dbf8ea846	https://huggingface.co/LG-AI-Research/EXAONE-Tabular/raw/main/README.md	hf readme LG-AI-Research/EXAONE-Tabular
F0509	2026-09-26T20:08:21Z	200	2734	1857ab0ce9ea7096935d4bca50c067cae911553d29c460ac443db37fbf7479af	https://huggingface.co/alana89/TabSTAR/raw/main/README.md	hf readme alana89/TabSTAR
F0510	2026-09-26T20:08:45Z	200	4848	1c99a750bb891b4c380c23c6b24e947b6dab820a208179de8d5bdb2e1e8a5cbf	https://azuresearch-usnc.nuget.org/query?q=packageid:Microsoft.ML&prerelease=false	nuget search Microsoft.ML downloads
F0511	2026-09-26T20:08:46Z	200	375671	131bcbd1d643415ac1c0a97535aed8e0357691f308fdb4aaaa1a21c822c5d1d3	https://aws.amazon.com/rekognition/	homepage Amazon Rekognition
F0512	2026-09-26T20:08:46Z	200	2358539	cbb91b69d6203f1e15f6082271e5ab7ebbb62c500aae52c00a16677b449c2fc5	https://cloud.google.com/vision	homepage Google Cloud Vision [truncated-to-300KB]
F0513	2026-09-26T20:08:48Z	200	167865	a89f2ac5a728135aada0011e4e8e812098f16a76735d0e39bfe22b9ccaf99ff3	https://www.datarobot.com/platform/	homepage DataRobot platform
F0514	2026-09-26T20:08:48Z	200	105072	3599e2c51457459c0fac6c7ee64b0110402340cb6dde4a336823bb1feb024429	https://pypi.org/pypi/synthefy-nori/json	pypi json synthefy-nori
F0515	2026-09-26T20:08:48Z	200	2647	d50053e01d4dffe8cf6c8737643e7ce7f570bb32d763b34b4b38c63a181a2c6c	https://packages.ecosyste.ms/api/v1/registries/pypi.org/packages/tabstar	ecosystems pypi tabstar
F0516	2026-09-26T20:08:49Z	404	32	648584acecbc9e40f39145d268a9fb68964f2fac8774773bea29a23e3c741261	https://repos.ecosyste.ms/api/v1/hosts/GitHub/repositories/LGAI-Research%2FEXAONE-Tabular	ecosystems repo LGAI-Research/EXAONE-Tabular
F0517	2026-09-26T20:09:57Z	200	12601	36c1a54bb636385c715524d2eeb7d69106c40f8775f7e35cc4b5970613d20ffb	https://huggingface.co/LG-AI-Research/EXAONE-Tabular/raw/main/LICENSE	hf license file LG-AI-Research/EXAONE-Tabular
F0518	2026-09-26T20:09:57Z	200	407	81c9df6da5524336329a08eaa0554c982b0080f9cc1e7db913d94b8b160f7f2b	https://ungh.cc/repos/LGAI-Research/EXAONE-Tabular	ungh repo LGAI-Research/EXAONE-Tabular
F0519	2026-09-26T20:09:57Z	401	123	c9782bb435de85599cc864cbe1d473fa876769048869b92ab23612b652a8ece9	https://huggingface.co/briaai/RMBG-2.0/raw/main/README.md	hf readme briaai/RMBG-2.0
F0520	2026-09-26T20:09:58Z	200	3189	a738172c9395b26f14e1981f6a95885085cc1239210446d752bf30ad6a9b8538	https://huggingface.co/nvidia/segformer-b0-finetuned-ade-512-512/raw/main/README.md	hf readme nvidia/segformer-b0
F0521	2026-09-26T20:12:46Z	200	11358	cfc7749b96f63bd31c3c42b5c471bf756814053e847c10f3eb003417bc523d30	https://raw.githubusercontent.com/stanfordmlgroup/ngboost/HEAD/LICENSE	license text stanfordmlgroup/ngboost (LICENSE)
F0522	2026-09-26T20:12:46Z	200	11342	ba8f45699bcb1c20c3a885f592c230302c5a460f455390295286ea91dfba038e	https://raw.githubusercontent.com/perpetual-ml/perpetual/HEAD/LICENSE	license text perpetual-ml/perpetual (LICENSE)
F0523	2026-09-26T20:12:46Z	200	11357	58d1e17ffe5109a7ae296caafcadfdbe6a7d176f0bc4ab01e12a689b0499d8bd	https://raw.githubusercontent.com/google-research/tabfm/HEAD/LICENSE	license text google-research/tabfm (LICENSE)
F0524	2026-09-26T20:12:47Z	403	84	b3fffcb28f141fa636073a7861fa42fcdb0dcd62726aed2c60d76da6acc55e8d	https://ungh.cc/repos/apple/ml-depth-pro	ungh repo apple/ml-depth-pro
F0525	2026-09-26T20:12:47Z	200	265	d73b406415a21b7ddc14cde3c0630c09ac6106d0e9060e4b765e5faed93dbace	https://huggingface.co/api/models/nvidia/C-RADIOv3-H?expand[]=cardData&expand[]=downloads	hf model retry nvidia/C-RADIOv3-H
F0526	2026-09-26T20:13:07Z	403	84	b3fffcb28f141fa636073a7861fa42fcdb0dcd62726aed2c60d76da6acc55e8d	https://ungh.cc/repos/apple/ml-depth-pro	ungh repo retry apple/ml-depth-pro
